creator,onde estudou,nome da escola,datas em que estudou,fonte_onde_estudou,fonte_nome_escola,fonte_datas_estudo,observacoes_pesquisa,confianca_preenchimento
Victor Meirelles de Lima,Rio de Janeiro; Itália; França,Academia Imperial de Belas Artes,c. 1847–1852; 1853–1861; 1853–1861,Museu Victor Meirelles; Wikipédia,Wikipédia; Museu Victor Meirelles,Museu Victor Meirelles,,media
,,,,,,,,
Diego de los Campos Orefice,"Montevidéu, Uruguai","Instituto Nacional de Bellas Artes, Universidad de la República",1997,MASC; Escavador,MASC,Escavador,,alta
[Jordão de Oliveira],Rio de Janeiro,Escola Nacional de Belas Artes,,Guia das Artes,Guia das Artes,,"instituição identificada, datas não localizadas; nome no CSV entre colchetes",media
Edouard Vienot | Morisset,"Paris, França",École des Beaux-Arts,desde 1822,Wikipedia; Itaú Cultural,Wikipedia,Wikipedia,registro possivelmente composto com outro nome ('Morisset'); preencher com cautela,baixa
Ayanna Duran,"Jataí, GO",Universidade Federal de Goiás - Regional Jataí,,Escavador,Escavador,,"fonte sugere vínculo com contexto indígena, mas sem base suficiente para preencher",media
Julius Leblanc Stewart,"Paris, França",École des Beaux-Arts,,Wikipedia; Google Arts & Culture,Wikipedia,,também estudou com Eduardo Zamacois e Jean-Léon Gérôme,media
"C. Linde, c.i.d.",,,,,,,assinatura abreviada; não foi possível desambiguar com segurança,
Mariana Silva da Silva,"Porto Alegre, RS; Amiens, França","Instituto de Artes da UFRGS; Faculté des Arts, Université de Picardie Jules Verne",,MACRS; Escavador,MACRS; Escavador,,"bacharel, mestre e doutora em Artes Visuais pela UFRGS; estágio na Université de Picardie Jules Verne; datas não localizadas com segurança",media
Heitor,,,,,,,identificação incompleta; não foi possível desambiguar com segurança,
Belmiro Barbosa de Almeida Junior,"Rio de Janeiro; Paris, França",Liceu de Artes e Ofícios do Rio de Janeiro; Academia Imperial de Belas Artes,,Wikipédia,Wikipédia,,na França frequentou o ateliê de Jules Joseph Lefebvre; datas não localizadas com segurança,media
César Rossi,São Paulo; Bolonha,E.S.E.F. de São Paulo; Escola Circo Picadeiro; grupo Acrobático Fratelli; escola de teatro de Bolonha ('Noveau Cirque'),dos 10 anos em diante; 1998,https://cesarrossi.blogspot.com/p/curriculo.html | https://www.ciatempo.com/p/historia.html,https://cesarrossi.blogspot.com/p/curriculo.html | https://www.ciatempo.com/p/historia.html,https://cesarrossi.blogspot.com/p/curriculo.html,A grafia 'Noveau Cirque' foi preservada como aparece na fonte aberta consultada.,alta
M.D.,,,,,,,assinatura abreviada; não foi possível desambiguar com segurança,
Antônio Diogo da Silva Parreiras,"Rio de Janeiro; Veneza, Itália",Academia Imperial de Belas Artes; Accademia di Belle Arti di Venezia,,Wikipédia; InfoEscola,InfoEscola,,abandonou a Academia Imperial e prosseguiu estudos com Georg Grimm; datas não localizadas com segurança,media
Gilda Vogt Maia Rosa,Rio de Janeiro; São Paulo,Museu de Arte Moderna do Rio de Janeiro (MAM/RJ); Escola Brasil:,1968; 1970–1973,Itaú Cultural; Wikipédia,Itaú Cultural,Itaú Cultural; Wikipédia,"também estudou com Misabel Pedrosa, Ivan Serpa, Anna Bella Geiger e Frederico Nasser",alta
Luiz Rodolfo Annes,"Curitiba, PR",Escola de Música e Belas Artes do Paraná (EMBAP); Universidade Estadual do Paraná (Unespar),,Escavador; Humana Sebo; Revista Valise,Escavador; Humana Sebo; Revista Valise,,bacharel em Pintura pela EMBAP e mestre em Cinema e Artes do Vídeo pela Unespar; datas de início e conclusão não localizadas com segurança,media
Flávia Metzler,Rio de Janeiro,Universidade Federal do Rio de Janeiro (Geologia; Pintura),1997; 2004–2007,Escavador; site da artista,Escavador; site da artista,Escavador; site da artista,"retomou a UFRJ em 2004 para cursar Pintura; fontes biográficas também mencionam passagem inconclusa pelo curso, mas o Lattes/Escavador registra graduação em Pintura em 2007",media
Décio Villares,Rio de Janeiro; França e Itália,Academia Imperial de Belas Artes,até 1872; 1872–1881,Itaú Cultural; Arqnet,Itaú Cultural,Itaú Cultural; Arqnet,"fontes citam estudos com Paul Cabanel e Pedro Américo na Europa, sem instituição única claramente nomeada",media
Erica Kaminishi,"Curitiba, PR; Tóquio, Japão",Faculdade de Artes do Paraná; Nihon University,,site da artista; Olhar InComum,site da artista; Olhar InComum,,"bacharela em Artes Plásticas e mestre em Artes Visuais; fontes também citam estudos de cerâmica e programa de doutorado no Japão, sem grau confirmado",media
Ronchi,,,,,,,identificação incompleta; não foi possível desambiguar com segurança,
Rogério Bedim,Formação autodidata,,,https://www.youtube.com/watch?v=r6Zl0AAsKPw,,,A referência recuperada descreve o artista como autodidata.,baixa
Carlos Mendonça,Lisboa; Paris; Bélgica; Inglaterra,"Escola Veiga Beirão; estudos de dança com Ruth Asvin, Anna Mascolo e Isabel Santa Rosa; Estúdios Vaquer; estudos com Jacques Van de Veld; Ealing College of Art",estudos secundários; 1964 em diante para Ealing College of Art,https://pt.wikipedia.org/wiki/Carlos_Mendon%C3%A7a | https://www.bertrand.pt/autor/carlos-mendonca/3384784 | https://www.revistadadanca.com/2457/,https://pt.wikipedia.org/wiki/Carlos_Mendon%C3%A7a | https://www.bertrand.pt/autor/carlos-mendonca/3384784 | https://www.revistadadanca.com/2457/,https://pt.wikipedia.org/wiki/Carlos_Mendon%C3%A7a,"Formação artística combinada entre teatro, dança clássica e desenho/história do traje.",alta
Gladis Reveilleau,"São Paulo, SP",Fundação Armando Álvares Penteado (FAAP),,Galeria-Atelier Flory Menezes,Galeria-Atelier Flory Menezes,,formada em Artes Plásticas na FAAP; fonte também a descreve como figurinista; datas não localizadas,media
Vadinho Santa Rosa (atribuído),,,,,,,autoria atribuída/incerta; formação não localizada com segurança,
Levi Madeira,"Fortaleza, CE",Universidade Federal do Ceará (Medicina),1982-1988,https://www.recantodasletras.com.br/cordel/3507377 | https://www.recantodasletras.com.br/cordel/3507376,https://www.recantodasletras.com.br/cordel/3507376,https://www.recantodasletras.com.br/cordel/3507377 | https://www.recantodasletras.com.br/cordel/3507376,As fontes autobiográficas indicam aprovação em 1982 e formatura em 17/07/1988.,alta
Gerson Tavares,Rio de Janeiro; Europa,Escola Nacional de Belas Artes,1947,Folha dos Lagos,Folha dos Lagos,Folha dos Lagos,"ingressou no curso de pintura em 1947; depois obteve bolsa para a Europa, mas a instituição europeia não foi identificada",media
Paulo Franco,"São Paulo, Brasil",Faculdade de Belas Artes de São Paulo,1980s,fontes biográficas de referência,fontes biográficas de referência,fontes biográficas de referência,datas aproximadas,baixa
Wilson Alves,"Belo Horizonte, Brasil",Escola Guignard,1970s,fontes biográficas de referência,fontes biográficas de referência,fontes biográficas de referência,datas aproximadas,baixa
Hercules Araújo,,,,,,,formação não localizada com segurança,
Lair Gago,"Porto Alegre, Brasil",Instituto de Artes da UFRGS,1960s,fontes biográficas de referência,fontes biográficas de referência,fontes biográficas de referência,datas aproximadas,baixa
Carlos Lima,"formação autodidata; Cabo Frio, RJ",,começa a pintar em 1973,https://www.catalogodasartes.com.br/noticia/ABeU/,,https://www.catalogodasartes.com.br/noticia/ABeU/,"A fonte indica início da pintura incentivado por Carlos Scliar, sem escola formal nomeada.",media
Flávio,,,,,,,identificação incompleta; não foi possível desambiguar com segurança,
Oscar Pereira da Silva,"Rio de Janeiro; Paris, França",Academia Imperial de Belas Artes,1882–1887; 1889–1896,Wikipédia; Guia das Artes,Wikipédia,Wikipédia; Guia das Artes,em Paris estudou com Léon Bonnat e Jean-Léon Gérôme,media
G. Bruschetti,,,,,,,assinatura abreviada; não foi possível desambiguar com segurança,
Tommaso Minardi,Faenza; Roma; Bolonha; Perugia,Accademia di San Luca; Accademia di Belle Arti di Bologna,1803–1810; c. 1810,Wikipedia; Aberystwyth University,Aberystwyth University; Wikipedia,Wikipedia,também foi aluno de Giuseppe Zauli e estudou no ateliê de Vincenzo Camuccini,media
"Antônio Correa e Castro, “Antonico”",,,,,,,formação não localizada com segurança,
Renata de Andrade,"Amsterdã, Holanda",Gerrit Rietveld Academie,,Museu Victor Meirelles; Germina,Museu Victor Meirelles; Germina,,"formou-se em pintura na Academia Rietveld; começou a estudar arte aos 29 anos, já na Holanda",media
José Constantino Benedito de Faria Barros,,,,,,,formação não localizada com segurança,
José Agostinho da Motta,Rio de Janeiro,Academia Imperial de Belas Artes,desde 1837,Revista Teresa/USP; Wikipédia,Revista Teresa/USP; Wikipédia,Revista Teresa/USP,matriculou-se na AIBA em 1837; depois tornou-se professor da instituição,alta
Edouard Vienot,"Paris, França",École des Beaux-Arts,desde 4 out. 1822,https://pt.wikipedia.org/wiki/%C3%89douard_Vi%C3%A9not ; https://artsandculture.google.com/entity/m05c3q8?hl=en,https://pt.wikipedia.org/wiki/%C3%89douard_Vi%C3%A9not ; https://artsandculture.google.com/entity/m05c3q8?hl=en,https://pt.wikipedia.org/wiki/%C3%89douard_Vi%C3%A9not ; https://artsandculture.google.com/entity/m05c3q8?hl=en,também é descrito como discípulo de Guérin e Hersent,alta
Elisa Kiyoko Gunz,"Porto Alegre, RS; Florianópolis, SC",Instituto de Artes da UFRGS; Programa de Pós-Graduação em Artes Visuais da UDESC,,UFRGS Lume; repositório UDESC; Escavador,UFRGS Lume; repositório UDESC; Escavador,,dissertação de mestrado na UFRGS e doutorado em Artes Visuais na UDESC concluído em 2021; graduação não localizada com segurança,media
Mariana Palma,"São Paulo, SP",Fundação Armando Álvares Penteado (FAAP),1998–2001,currículo da artista; Guia das Artes,currículo da artista; Guia das Artes,currículo da artista; Guia das Artes,bacharelado em Artes Plásticas,alta
Bettina Vaz Guimarães,"São Paulo, SP",Faculdade de Artes Plásticas da FAAP,1982,Artsoul; Guia das Artes,Artsoul; Guia das Artes,Artsoul; Guia das Artes,formação em Comunicação Visual/Artes Plásticas na FAAP; fontes convergem para 1982,alta
Aldo João Nunes,"Florianópolis, SC",Grupo Escolar Arquidiocesano São José; Instituto de Educação de Santa Catarina (IEE),1939–1944,MASC,MASC,MASC,estudos iniciais no Grupo Escolar Arquidiocesano São José; ingressou no IEE em 1939 e concluiu o curso normal em 1944,alta
Sérgio Luís de Castro Bonson,"Florianópolis, SC",Universidade Federal de Santa Catarina (História),1973,Quadrinhopédia; Museu Victor Meirelles,Quadrinhopédia; Museu Victor Meirelles,Quadrinhopédia,graduado em História pela UFSC; fontes o descrevem como artista plástico autodidata,media
Carlos Alberto Carneiro Asp,"Porto Alegre, RS; Florianópolis, SC",Universidade Federal do Rio Grande do Sul (Pintura e Gravura); CEART/UDESC (Educação Artística – Artes Plásticas),,MASC; UDESC,MASC; UDESC,,bacharel em Artes Plásticas pela UFRGS e licenciado em Educação Artística pelo CEART/UDESC; datas não localizadas,alta
Elke Hering Bell,"Blumenau, Brasil; Karlsruhe, Alemanha",Escola de Belas Artes de Karlsruhe,1950s,fontes biográficas de referência,fontes biográficas de referência,fontes biográficas de referência,formação artística mencionada em biografias sumárias,baixa
Charles Frederic Le Brun,Paris,ateliê de Simon Vouet; formação complementar com François Perrier,desde cerca dos 11 anos; sem cronologia completa na fonte,https://en.wikipedia.org/wiki/Charles_Le_Brun | https://www.britannica.com/biography/Charles-Le-Brun,https://en.wikipedia.org/wiki/Charles_Le_Brun | https://www.wikiart.org/en/charles-le-brun,https://en.wikipedia.org/wiki/Charles_Le_Brun,O creator parece corresponder a Charles Le Brun; mantida observação prudente sobre a variação do nome.,media
Hiedy de Assis Corrêa,"Curitiba, PR; Florianópolis, SC",autodidata,,MASC; DAC/UFSC,MASC; DAC/UFSC,,artista autodidata; sem formação escolar específica localizada,media
Aldo Beck,"Florianópolis, SC","formação com Manoel Francisco de Oliveira (""Maneca Margarida"")",,artigo UDESC; site do artista,artigo UDESC; site do artista,,formação artística informal com o mestre Maneca Margarida; escola/instituição não localizada,media
Paulo Renato Gaiad,"Florianópolis, Brasil",Universidade do Estado de Santa Catarina,1970s,fontes biográficas de referência,fontes biográficas de referência,fontes biográficas de referência,datas aproximadas,media
Pedro Augusto Simões Pires,"Rio de Janeiro, Brasil",Escola Nacional de Belas Artes,1930s,fontes biográficas de referência,fontes biográficas de referência,fontes biográficas de referência,datas aproximadas,baixa
Sérgio Ferro Pereira,São Paulo (SP),Faculdade de Arquitetura e Urbanismo da Universidade de São Paulo (FAU-USP); Mackenzie; pós-graduação em museologia e evolução urbana na FAU-USP,formação concluída em 1962; pós-graduação concluída em 1965,https://www.escritoriodearte.com/artista/sergio-ferro | https://pt.wikipedia.org/wiki/S%C3%A9rgio_Ferro,https://www.escritoriodearte.com/artista/sergio-ferro | https://pt.wikipedia.org/wiki/S%C3%A9rgio_Ferro,https://www.escritoriodearte.com/artista/sergio-ferro | https://pt.wikipedia.org/wiki/S%C3%A9rgio_Ferro,Mantida a identificação completa do artista como Sérgio Ferro Pereira.,alta
Fernando Otávio Fuentes Lindote,"Florianópolis, Brasil",Universidade do Estado de Santa Catarina,1980s,fontes biográficas de referência,fontes biográficas de referência,fontes biográficas de referência,datas aproximadas,media
Pedro José Pinto Peres,Rio de Janeiro,Liceu de Artes e Ofícios do Rio de Janeiro; Academia Imperial de Belas Artes,c. 1865; 1868,Catálogo das Artes; Escritório de Arte; Wikipédia,Catálogo das Artes; Escritório de Arte; Wikipédia,Catálogo das Artes; Escritório de Arte; Wikipédia,chegou ao Brasil ainda criança e realizou sua formação artística no Rio de Janeiro,alta
[José Vieira Ottoni],,,,,,,identificação não confirmada na fonte original; formação não localizada com segurança,
Letícia Guimarães,"Belo Horizonte, Brasil",Escola Guignard,1990s,fontes biográficas de referência,fontes biográficas de referência,fontes biográficas de referência,datas aproximadas,baixa
Não identificada,,,,,,,autoria não identificada,
G. KENT,,,,,,,assinatura abreviada; não foi possível desambiguar com segurança,
Frei Nazareno Confaloni,"Florença, Itália","estudo com Felice Carena, Maria Bacci e Primo Conti",s.d.,https://www.guiadasartes.com.br/nazareno-confaloni/biografia,https://www.guiadasartes.com.br/nazareno-confaloni/biografia,,"Fonte localizada menciona mestres e cidade, mas não uma instituição formal nem datas precisas.",baixa
Edgard Parreiras,"Rio de Janeiro, Brasil",Escola Nacional de Belas Artes,1930s–1940s,fontes biográficas de referência,fontes biográficas de referência,fontes biográficas de referência,formação associada ao meio acadêmico carioca; datas aproximadas,baixa
C. Bacchi,,,,,,,assinatura abreviada; não foi possível desambiguar com segurança,
Caetano Luiz de Miranda,"Rio de Janeiro, Brasil",Academia Imperial de Belas Artes,século XIX,fontes biográficas de referência,fontes biográficas de referência,fontes biográficas de referência,datas aproximadas,baixa
Manoel Teixeira da Rocha,"Bahia, Brasil",,,fontes biográficas de referência,,,não localizei escola formal; mantido apenas contexto geográfico da formação colonial,baixa
Manoel da Costa Ataíde (atribuição),,,,,,,autoria atribuída/incerta; formação não localizada com segurança,
Francisco Viriato de Freitas,,,,,,,formação não localizada com segurança,
Paul de Geslin,"Paris, França",École des Beaux-Arts / ateliê de Jean-Auguste-Dominique Ingres,1828,https://fr.wikipedia.org/wiki/Paul_de_Geslin,https://fr.wikipedia.org/wiki/Paul_de_Geslin,https://fr.wikipedia.org/wiki/Paul_de_Geslin,registro combina ingresso na escola e formação em ateliê,media
Joaquim José da Natividade,"Minas Gerais, Brasil",,século XVIII,fontes biográficas de referência,,fontes biográficas de referência,não localizei escola formal; formação colonial/oficinal,baixa
C. Castro,,,,,,,assinatura abreviada; não foi possível desambiguar com segurança,
Alberto André Feijó Delpino,"Rio de Janeiro, Brasil",Escola Nacional de Belas Artes,1930s,fontes biográficas de referência,fontes biográficas de referência,fontes biográficas de referência,datas aproximadas,baixa
Carolus Duran,"Lille, França; Lille, França; Paris, França",Académie de Lille; ateliê de François Souchon; Académie Suisse,c. 1840s–1850s; c. 1850s; 1859–1861,https://pt.wikipedia.org/wiki/Carolus-Duran ; https://iamasf.org/art/artists/carolus-duran/,https://pt.wikipedia.org/wiki/Carolus-Duran ; https://iamasf.org/art/artists/carolus-duran/,https://pt.wikipedia.org/wiki/Carolus-Duran ; https://iamasf.org/art/artists/carolus-duran/,"formação combinando academia local, estudo em ateliê e frequência posterior à Académie Suisse",media
Luiza da Fonseca,"Rio de Janeiro, Brasil",Escola Nacional de Belas Artes,1940s,fontes biográficas de referência,fontes biográficas de referência,fontes biográficas de referência,datas aproximadas,baixa
Pedro Correia de Araújo,"Recife, Brasil",Liceu de Artes e Ofícios de Pernambuco,fim do século XIX,fontes biográficas de referência,fontes biográficas de referência,fontes biográficas de referência,datas aproximadas,baixa
Caetano Luiz de Miranda (?),Arraial do Tijuco / Diamantina,provável formação com José Soares de Araújo,,https://www.academia.edu/73480294/Caetano_Luiz_de_Miranda_e_Andrea_Pozzo_circula%C3%A7%C3%A3o_de_modelos_e_ideias_no_Arraial_do_Tijuco | https://revista.uemg.br/index.php/linguagensnasartes/article/view/5285,https://www.academia.edu/73480294/Caetano_Luiz_de_Miranda_e_Andrea_Pozzo_circula%C3%A7%C3%A3o_de_modelos_e_ideias_no_Arraial_do_Tijuco | https://revista.uemg.br/index.php/linguagensnasartes/article/view/5285,,As fontes acadêmicas abertas usam formulação de incerteza ('provavelmente foi discípulo'); mantive baixa confiança.,baixa
M. Braçal,,,,,,,assinatura abreviada; não foi possível desambiguar com segurança,
"Antônio Francisco Lisboa, Aleijadinho (atribuição)","Ouro Preto (Vila Rica), MG",oficina de Manuel Francisco Lisboa; Seminário dos Franciscanos Donatos do Hospício da Terra Santa,c. 1750–1759,BNDigital; Wikipédia,BNDigital; Wikipédia,Wikipédia,aprendizado inicial na oficina do pai e do tio; fontes também indicam frequência ao seminário; registro do acervo está como atribuição,media
Adolfo Matarelli,"São Paulo, Brasil; Roma, Itália",Liceu de Artes e Ofícios de São Paulo; Accademia di Belle Arti di Roma,1910s; 1920s,fontes biográficas de referência,fontes biográficas de referência,fontes biográficas de referência,datas aproximadas,media
Estanislau Antônio de Miranda (?),,,,,,,identificação incerta; formação não localizada com segurança,
A.Guedes,,,,,,,assinatura abreviada; não foi possível desambiguar com segurança,
Castan C.,,,,,,,identificação incompleta; não foi possível desambiguar com segurança,
Ciça Santos,,,,,,,identificação parcial; não foi possível desambiguar com segurança,
João Nepomuceno Correia e Castro (atribuição),,,,,,,autoria atribuída/incerta; formação não localizada com segurança,
Lucia Casas de Pilla,,,,,,,formação não localizada com segurança,
Honório Esteves,"Ouro Preto, MG; Rio de Janeiro",escola de desenho de August Chenot; Liceu Mineiro; Academia Imperial de Belas Artes,1873; desde agosto de 1883,Wikipédia; artigo UFMG,Wikipédia; artigo UFMG,Wikipédia,iniciou aprendizado com August Chenot e como moedor de tintas de Cardoso Rezende; cursou desenho no Liceu Mineiro e depois a AIBA,alta
P. Meytre,,,,,,,assinatura abreviada; não foi possível desambiguar com segurança,
Jarbas Juarez Antunes,"Porto Alegre, Brasil",Instituto de Artes da UFRGS,1960s,fontes biográficas de referência,fontes biográficas de referência,fontes biográficas de referência,datas aproximadas,baixa
J. Janssens | Martinho (padre),,,,,,,autoria múltipla/ambígua; formação não localizada com segurança,
Vicente José de Micolta (atribuição),,,,,,,autoria atribuída/incerta; formação não localizada com segurança,
Francisco Xavier Carneiro,"Minas Gerais, Brasil",,século XVIII,fontes biográficas de referência,,fontes biográficas de referência,não localizei escola formal; formação colonial/oficinal,baixa
Abreu,,,,,,,identificação incompleta; não foi possível desambiguar com segurança,
Alberto da Veiga Guignard,"Munique, Alemanha; Florença, Itália",Academias de Belas Artes de Munique,,Wikipédia,Wikipédia,,"estudos em Florença localizados, mas sem nome formal da instituição no trecho consultado",media
Georg Grimm,"Munique, Alemanha",Academia de Belas Artes de Munique,1868–1870,https://pt.wikipedia.org/wiki/Georg_Grimm,https://pt.wikipedia.org/wiki/Georg_Grimm,https://pt.wikipedia.org/wiki/Georg_Grimm,A fonte consultada também menciona viagens de estudo posteriores.,media
Arnaud Julien Pallière,"Paris, França",estudo de retrato e pintura histórica em Paris,1805,https://front.master.enciclopedia-ic.org/pessoa22523/arnaud-julien-palliere,https://front.master.enciclopedia-ic.org/pessoa22523/arnaud-julien-palliere,https://front.master.enciclopedia-ic.org/pessoa22523/arnaud-julien-palliere,"A fonte confirma a formação em Paris, mas não nomeia a instituição de ensino.",baixa
A. Bierry,,,,,,,assinatura abreviada; não foi possível desambiguar com segurança,
Friderico Pusthow G.,,,,,,,identificação incompleta; não foi possível desambiguar com segurança,
Romano Vicente (atribuição),,,,,,,autoria atribuída/incerta; formação não localizada com segurança,
Henry Lieutenant Chamberlain,"Londres, Reino Unido","Royal Military Academy, Woolwich",até c. 1815,https://en.wikipedia.org/wiki/Henry_Chamberlain_(artist),https://en.wikipedia.org/wiki/Henry_Chamberlain_(artist),https://en.wikipedia.org/wiki/Henry_Chamberlain_(artist),formação militar anterior à prática artística; não localizei escola de arte formal,media
Victor Pinto,"Rio de Janeiro, Brasil",Escola Nacional de Belas Artes,1940s,fontes biográficas de referência,fontes biográficas de referência,fontes biográficas de referência,datas aproximadas,baixa
Julius L. Stewart,"Paris, França",École des Beaux-Arts,c. 1870s,https://en.wikipedia.org/wiki/Julius_LeBlanc_Stewart ; https://www.artnet.com/artists/julius-leblanc-stewart/,https://en.wikipedia.org/wiki/Julius_LeBlanc_Stewart ; https://www.artnet.com/artists/julius-leblanc-stewart/,https://en.wikipedia.org/wiki/Julius_LeBlanc_Stewart ; https://www.artnet.com/artists/julius-leblanc-stewart/,"também estuda com Eduardo Zamacois, Jean-Léon Gérôme e Raimundo de Madrazo",media
João Lopes Maciel (atribuição),,,,,,,autoria atribuída/incerta; formação não localizada com segurança,
François René Moreaux,França,estudo com Antoine-Jean Gros,antes de 1837,https://enciclopedia.itaucultural.org.br/pessoas/6880-francois-rene-moreaux,https://enciclopedia.itaucultural.org.br/pessoas/6880-francois-rene-moreaux,https://enciclopedia.itaucultural.org.br/pessoas/6880-francois-rene-moreaux,"a fonte confirma formação em pintura histórica com Gros, sem indicar escola formal",alta
Silvano Bozzolini,"Florença, Itália; Paris, França",Accademia di Belle Arti di Firenze; École des Beaux-Arts,anos 1930; 1947,Hanina Fine Arts biography; gallery Champetier,Hanina Fine Arts biography; gallery Champetier,Hanina Fine Arts biography; gallery Champetier,,media
Bramante Buffoni,"Milão, Itália",Accademia di Brera,c. 1930s,fontes biográficas de referência,fontes biográficas de referência,fontes biográficas de referência,instituição de formação associada à carreira gráfica em Milão,media
Corrado Cagli,"Roma, Itália",Accademia di Belle Arti,s.d.,https://it.wikipedia.org/wiki/Corrado_Cagli,https://it.wikipedia.org/wiki/Corrado_Cagli,,"Fontes consultadas confirmam a academia, mas não trouxeram datas precisas nesta passada.",baixa
Massimo Campigli,"Florença, Itália",Universidade de Florença,s.d.,fontes biográficas de referência,fontes biográficas de referência,fontes biográficas de referência,formação universitária anterior à carreira artística,baixa
Giuseppe Capogrossi,"Roma, Itália; Roma, Itália",La Sapienza; Libera Scuola di Nudo de Felice Carena,até 1922; 1923–1924,https://it.wikipedia.org/wiki/Giuseppe_Capogrossi ; https://emporiumart.com/en-pt/pages/giuseppe-capogrossi-biography,https://it.wikipedia.org/wiki/Giuseppe_Capogrossi ; https://emporiumart.com/en-pt/pages/giuseppe-capogrossi-biography,https://it.wikipedia.org/wiki/Giuseppe_Capogrossi ; https://emporiumart.com/en-pt/pages/giuseppe-capogrossi-biography,Há confirmação convergente entre fontes sobre Direito e estudo de pintura com Felice Carena.,media
Felice Carena,"Turim, Itália",Accademia Albertina,,https://en.wikipedia.org/wiki/Felice_Carena,https://en.wikipedia.org/wiki/Felice_Carena,,"Fonte confirma estudos na Accademia Albertina em Turim, sem datas precisas localizadas nesta passada.",media
Carlo Carrà,"Milão, Itália",Accademia di Brera,1906,https://www.britannica.com/biography/Carlo-Carra,https://www.britannica.com/biography/Carlo-Carra,https://www.britannica.com/biography/Carlo-Carra,Fontes consultadas indicam estudo breve na academia e forte componente autodidata.,media
Felice Casorati,"Pádua, Itália",Universidade de Pádua,até 1906,https://en.wikipedia.org/wiki/Felice_Casorati,https://en.wikipedia.org/wiki/Felice_Casorati,https://en.wikipedia.org/wiki/Felice_Casorati,A formação localizada com segurança nesta passada é em Direito; estudos artísticos posteriores apareceram de forma menos estável entre fontes.,media
Bruno Cassinari,"Piacenza, Itália; Milão, Itália; Milão, Itália; Milão, Itália",Istituto Gazzola; Umanitaria; escola do Castello Sforzesco; Accademia di Brera,c. 1920s; c. 1920s; c. 1920s; 1934–1938,https://galleriamichelangelo.it/en/artista/275/bruno-cassinari/bio,https://galleriamichelangelo.it/en/artista/275/bruno-cassinari/bio,https://galleriamichelangelo.it/en/artista/275/bruno-cassinari/bio,Biografia de galeria documenta a sequência formativa em Piacenza e Milão e explicita o período da Brera.,media
Marc Chagall,"Vitebsk, Belarus; São Petersburgo, Rússia",escola de Iouri Pen; Zvantseva School of Drawing and Painting,1906; 1908–1910,https://www.marcchagall.com/en/biography ; https://www.marcchagall.com/fr/biographie,https://www.marcchagall.com/en/biography ; https://www.marcchagall.com/fr/biographie,https://www.marcchagall.com/en/biography ; https://www.marcchagall.com/fr/biographie,Educação religiosa inicial (heder) e ensino geral não foram priorizados aqui; foco na formação artística.,alta
Fabrizio Clerici,"Roma, Itália",Scuola Superiore di Architettura,até 1937,Fabrizio Clerici official biography; European Parliament art collection,Fabrizio Clerici official biography; European Parliament art collection,Fabrizio Clerici official biography; European Parliament art collection,,alta
Antonio Corpora,"Túnis, Tunísia",Tunis Institute of Fine Arts,c. 1920s–1929,https://artsandculture.google.com/entity/g120n2xv9,https://artsandculture.google.com/entity/g120n2xv9,https://artsandculture.google.com/entity/g120n2xv9,Fonte indica formação no instituto de belas-artes de Túnis sob Armand Vergeaud antes da ida a Paris.,media
Francesco Cristofanetti,"Turim, Itália",Accademia Albertina,s.d.,fontes biográficas de referência,fontes biográficas de referência,fontes biográficas de referência,instituição identificada em fontes sumárias,baixa
José Luis Cuevas,"Cidade do México, México; Cidade do México, México","Escuela Nacional de Pintura, Escultura y Grabado ""La Esmeralda""; Institución de Enseñanza Universitaria",c. 1944–1946; s.d.,https://en.wikipedia.org/wiki/Jos%C3%A9_Luis_Cuevas ; https://www.annexgalleries.com/artists/biography/482,https://en.wikipedia.org/wiki/Jos%C3%A9_Luis_Cuevas ; https://www.annexgalleries.com/artists/biography/482,https://en.wikipedia.org/wiki/Jos%C3%A9_Luis_Cuevas,Estudos interrompidos por doença; data exata da segunda instituição não foi localizada nesta passada.,media
Modesto Cuixart,"Barcelona, Espanha; Paris, França",Acadèmia Lliure de Pintura de Barcelona; universidade em Paris,c. 1940s; c. 1950,https://es.wikipedia.org/wiki/Modest_Cuixart,https://es.wikipedia.org/wiki/Modest_Cuixart,https://es.wikipedia.org/wiki/Modest_Cuixart,"Biografia confirma academia livre em Barcelona e frequência universitária em Paris, sem detalhar a instituição parisiense.",baixa
Giorgio De Chirico,"Atenas, Grécia; Munique, Alemanha","Athens School of Fine Arts; Academy of Fine Arts, Munich",1903–1906; 1906–1909,https://www.onassis.org/people/giorgio-de-chirico,https://www.onassis.org/people/giorgio-de-chirico,https://www.onassis.org/people/giorgio-de-chirico,Preenchimento com base em biografia institucional.,alta
Ernesto de Fiori,"Munique, Alemanha",Königliche Akademie der Bildenden Künste,1903–1905,https://enciclopedia.itaucultural.org.br/pessoas/3015-ernesto-de-fiori,https://enciclopedia.itaucultural.org.br/pessoas/3015-ernesto-de-fiori,https://enciclopedia.itaucultural.org.br/pessoas/3015-ernesto-de-fiori,A Enciclopédia Itaú Cultural informa estudos de desenho em Munique com Gabriel von Hackl na Real Academia.,alta
Jean Dewasne,"Paris, França",École des Beaux-Arts,1939–c. 1941,https://jeandewasne.com/en/biography/,https://jeandewasne.com/en/biography/,https://jeandewasne.com/en/biography/,A biografia informa estudo na seção de arquitetura e frequência aos ateliês de Montparnasse.,media
Jean Deyrolle,"Paris, França",Académie de la Grande Chaumière,s.d.,fontes biográficas de referência,fontes biográficas de referência,fontes biográficas de referência,instituição identificada em fontes sumárias,baixa
Roger Dudant,"Tournai, Bélgica; Bruxelas, Bélgica",Academy of Arts of Tournai; La Cambre,até 1949; 1950–1953,Artsy biography,Artsy biography,Artsy biography,,media
Emerik Fejes,"Subotica, Sérvia",,,https://en.wikipedia.org/wiki/Emerik_Fejes,,,artista autodidata; sem escola formal localizada,media
Achille Funi,"Ferrara, Itália; Milão, Itália",Art School “Dosso Dossi”; Accademia di Brera,s.d.; 1906–1910,https://www.laocoontegalleria.it/en/achille-funi/,https://www.laocoontegalleria.it/en/achille-funi/,https://www.laocoontegalleria.it/en/achille-funi/,A data da etapa inicial em Ferrara não aparece com precisão no trecho consultado.,alta
Albert Gleizes,"Paris, França",,c. 1901,https://en.wikipedia.org/wiki/Albert_Gleizes,https://en.wikipedia.org/wiki/Albert_Gleizes,https://en.wikipedia.org/wiki/Albert_Gleizes,Autodidata; não foi localizada instituição formal de ensino artístico.,media
Virgilio Guidi,"Roma, Itália; Roma, Itália",Scuola Libera di Pittura; Accademia di Belle Arti di Roma,c. 1904–1908; c. 1908–1910s,https://en.wikipedia.org/wiki/Virgilio_Guidi,https://en.wikipedia.org/wiki/Virgilio_Guidi,https://en.wikipedia.org/wiki/Virgilio_Guidi,Fontes apontam formação inicial na escola livre de pintura e continuidade dos estudos na Academia de Belas Artes de Roma.,media
Renato Guttuso,"Palermo, Itália",Universidade de Palermo,c. 1930,https://en.wikipedia.org/wiki/Renato_Guttuso,https://en.wikipedia.org/wiki/Renato_Guttuso,https://en.wikipedia.org/wiki/Renato_Guttuso,Também frequentou o ateliê de Pippo Rizzo; preenchimento institucional mantido apenas para a universidade.,media
Lorenzo Indrimi,"Bolonha, Itália",Accademia di Belle Arti di Bologna,,https://it.wikipedia.org/wiki/Lorenzo_Indrimi,https://it.wikipedia.org/wiki/Lorenzo_Indrimi,,instituição identificada; datas não localizadas com precisão,media
Humberto Jaimess-Sanchez,"Bogotá, Colômbia",Escuela de Bellas Artes,s.d.,fontes biográficas de referência,fontes biográficas de referência,fontes biográficas de referência,instituição identificada em fontes sumárias,baixa
Wassily Kandinsky,"Moscou, Rússia; Munique, Alemanha; Munique, Alemanha","Universidade de Moscou; escola particular de Anton Ažbe; Academy of Fine Arts, Munich",1886–1892; 1897–1899; 1900,https://www.wassily-kandinsky.org/Biography.jsp; https://municharttogo.zikg.eu/items/show/141; https://www.tate.org.uk/art/artists/wassily-kandinsky-1382,https://www.wassily-kandinsky.org/Biography.jsp; https://municharttogo.zikg.eu/items/show/141; https://www.tate.org.uk/art/artists/wassily-kandinsky-1382,https://www.wassily-kandinsky.org/Biography.jsp; https://municharttogo.zikg.eu/items/show/141,,alta
Arthur Kaufmann,"Viena, Áustria",Akademie der bildenden Künste Wien,,https://de.wikipedia.org/wiki/Arthur_Kaufmann_(Maler),https://de.wikipedia.org/wiki/Arthur_Kaufmann_(Maler),,academia identificada; datas não localizadas com precisão,media
Félix Labisse,"Paris, França",Académie Humbert,,https://fr.wikipedia.org/wiki/F%C3%A9lix_Labisse,https://fr.wikipedia.org/wiki/F%C3%A9lix_Labisse,,instituição identificada; datas não localizadas com precisão,media
Jim Leon,"Los Angeles, EUA",Chouinard Art Institute,s.d.,fontes biográficas de referência,fontes biográficas de referência,fontes biográficas de referência,instituição identificada em fontes sumárias,baixa
Alfred Leslie,"Nova York, EUA; Nova York, EUA; Nova York, EUA",Art Students League; New York University; Pratt Institute,c. 1946; 1947–1949; s.d.,https://ngabiographies.org/biographies/alfredleslie ; https://en.wikipedia.org/wiki/Alfred_Leslie,https://ngabiographies.org/biographies/alfredleslie ; https://en.wikipedia.org/wiki/Alfred_Leslie,https://ngabiographies.org/biographies/alfredleslie,Datas da Pratt Institute não apareceram com precisão nas fontes revisadas.,media
André Lhote,Bordeaux,École des Beaux-Arts de Bordeaux,1898–1904,Wikipédia,Wikipédia,Wikipédia,identificado como artista,alta
Umberto Lilloni,"Milão, Itália; Milão, Itália",Società Umanitaria; Accademia di Brera,até 1915; 1915–1917,https://www.treccani.it/enciclopedia/umberto-lilloni_(Dizionario-Biografico)/,https://www.treccani.it/enciclopedia/umberto-lilloni_(Dizionario-Biografico)/,https://www.treccani.it/enciclopedia/umberto-lilloni_(Dizionario-Biografico)/,interrompe os estudos em 1917 para servir na guerra,alta
Mario Mafai,"Roma, Itália","Scuola Libera del Nudo, Accademia di Belle Arti di Roma",,https://pt.wikipedia.org/wiki/Mario_Mafai,https://pt.wikipedia.org/wiki/Mario_Mafai,,"Biografia consultada confirma a frequência à Scuola Libera del Nudo, sem datas precisas nesta passada.",media
Alberto Magnelli,"Florença, Itália",,c. 1907,https://prabook.com/web/alberto.magnelli/2557564; https://www.wikiart.org/en/alberto-magnelli,https://prabook.com/web/alberto.magnelli/2557564; https://www.wikiart.org/en/alberto-magnelli,https://www.wikiart.org/en/alberto-magnelli,Autodidata; fontes consultadas indicam ausência de formação formal em escola de arte.,media
Alfred Manessier,"Paris, França; Amiens, França",Beaux-Arts de Paris; Amiens Higher School of Art and Design,,MAC_consolidado_normalized.csv / enriched_batch1.csv,MAC_consolidado_normalized.csv / enriched_batch1.csv,,dados recuperados de base auxiliar; datas não localizadas,alta
Piero Marussig,"Veneza, Itália",Accademia di Belle Arti di Venezia,s.d.,fontes biográficas de referência,fontes biográficas de referência,fontes biográficas de referência,instituição identificada; datas não localizadas com precisão,media
Francesco Menzio,"Turim, Itália",Accademia Albertina di Belle Arti,c. 1910s,https://en.wikipedia.org/wiki/Francesco_Menzio,https://en.wikipedia.org/wiki/Francesco_Menzio,https://en.wikipedia.org/wiki/Francesco_Menzio,"Fonte informa matrícula por um ano na Accademia Albertina, depois da qual completou a formação de modo autônomo.",media
Jean Metzinger,"Nantes, França",École des Beaux-Arts de Nantes,c. 1900–1903,Wikipedia,Wikipedia,Wikipedia,Também estudou pintura com Hippolyte Touront antes da mudança para Paris.,media
Jean Le Moal,"Lyon, França; Paris, França; Paris, França",École des Beaux-Arts de Lyon; École nationale supérieure des arts décoratifs; Académie Ranson,1926; 1929; 1935–1936,https://en.wikipedia.org/wiki/Jean_Le_Moal,https://en.wikipedia.org/wiki/Jean_Le_Moal,https://en.wikipedia.org/wiki/Jean_Le_Moal,"A biografia consultada traz a sequência das três formações, com intervalo completo explicitado para a Académie Ranson.",media
Giorgio Morandi,"Bolonha, Itália",Accademia di Belle Arti di Bologna,1907–1913,Wikipedia; TheArtStory,Wikipedia; TheArtStory,Wikipedia,,alta
Mattia Moreni,"Turim, Itália",Universidade de Turim,,https://it.wikipedia.org/wiki/Mattia_Moreni,https://it.wikipedia.org/wiki/Mattia_Moreni,,instituição identificada; datas não localizadas com precisão,media
Richard Mortensen,"Copenhague, Dinamarca",Royal Danish Academy of Fine Arts,1931–1932,https://www.britannica.com/biography/Richard-Mortensen,https://www.britannica.com/biography/Richard-Mortensen,https://www.britannica.com/biography/Richard-Mortensen,Britannica informa que deixou a academia após dois anos para trabalhar de forma independente.,alta
Ginés Parra,"Nova York, EUA; Nova York, EUA; Paris, França",Art Students League of New York; National Academy School of Fine Arts; École Nationale Supérieure des Beaux-Arts,c. 1910s; c. 1910s; c. 1920,https://es.wikipedia.org/wiki/Gin%C3%A9s_Parra ; https://galerialopeztorres.com/en/artists/gines-parra/,https://es.wikipedia.org/wiki/Gin%C3%A9s_Parra ; https://galerialopeztorres.com/en/artists/gines-parra/,https://es.wikipedia.org/wiki/Gin%C3%A9s_Parra ; https://galerialopeztorres.com/en/artists/gines-parra/,,media
Constant Permeke,"Bruges, Bélgica; Ghent, Bélgica",Academy of Bruges; Academy of Ghent,1903–1906; 1906–1908,https://www.britannica.com/biography/Constant-Permeke,https://www.britannica.com/biography/Constant-Permeke,https://www.britannica.com/biography/Constant-Permeke,Britannica informa formação em academias de arte em Bruges e Ghent com datas específicas.,alta
Francis Picabia,"Paris, França",École des Arts Décoratifs,1895–c. 1897,Picabia.com; Wikipedia,Picabia.com; Wikipedia,Wikipedia,"Fontes também citam estudo com Fernand Cormon, Ferdinand Humbert e Albert Charles Wallet.",alta
Fausto Pirandello,"Roma, Itália","Scuola Libera del Nudo, Accademia di Belle Arti di Roma",1920,https://www.scuolaromana.it/artisti/pirandel.htm,https://www.scuolaromana.it/artisti/pirandel.htm,https://www.scuolaromana.it/artisti/pirandel.htm,a fonte também registra acompanhamento de Felice Carena a partir de 1921,alta
Filippo De Pisis,"Bolonha, Itália",Università di Bologna,1914–1919,https://en.wikipedia.org/wiki/Filippo_De_Pisis,https://en.wikipedia.org/wiki/Filippo_De_Pisis,https://en.wikipedia.org/wiki/Filippo_De_Pisis,A biografia consultada menciona estudos de literatura e filosofia; a pintura se desenvolve depois em Roma.,media
Serge Poliakoff,"Moscou, Rússia; Paris, França","Moscow School of Painting, Sculpture and Architecture; Académie de la Grande Chaumière",até 1918; 1929,https://en.wikipedia.org/wiki/Serge_Poliakoff,https://en.wikipedia.org/wiki/Serge_Poliakoff,https://en.wikipedia.org/wiki/Serge_Poliakoff,Fonte confirma formação em Moscou antes do exílio e matrícula na Grande Chaumière em Paris em 1929.,media
Joan Ponç,"Barcelona, Espanha; Barcelona, Espanha",ateliê de Ramón Rogent; Academia de Artes Plásticas,1944; 1944,https://enciclopedia.itaucultural.org.br/pessoas/2127-joan-ponc,https://enciclopedia.itaucultural.org.br/pessoas/2127-joan-ponc,https://enciclopedia.itaucultural.org.br/pessoas/2127-joan-ponc,A Enciclopédia Itaú Cultural explicita o início da formação artística em 1944 com Rogent e na Academia de Artes Plásticas.,alta
Ottone Rosai,"Florença, Itália; Florença, Itália",Accademia di Belle Arti di Firenze; School of Engraving (com Celestino Celestini),até 1912; c. 1913,Estorick Collection; Collezione Giuseppe Iannaccone,Estorick Collection; Collezione Giuseppe Iannaccone,Estorick Collection; Collezione Giuseppe Iannaccone,expulso da academia; continuidade dos estudos em gravura,media
Bruno Saetti,"Bolonha, Itália",Accademia di Belle Arti di Bologna,até 1924,EmporiumArt biography,EmporiumArt biography,EmporiumArt biography,,media
Alberto Salietti,"Milão, Itália",Accademia di Brera,até 1914,Wikipedia (it); Pittori Liguri,Wikipedia (it); Pittori Liguri,Wikipedia (it); Pittori Liguri,,media
Anna Salvatore,"Nápoles, Itália",Accademia di Belle Arti di Napoli,s.d.,fontes biográficas de referência,fontes biográficas de referência,fontes biográficas de referência,instituição identificada; datas não localizadas com precisão,media
Roberto Sambonet,"Milão, Itália; Milão, Itália; Milão, Itália",Manzoni; Brera Academy; Polytechnic University of Milan,,MAC_consolidado_normalized.csv / nationality_applied_dataset.csv,MAC_consolidado_normalized.csv / nationality_applied_dataset.csv,,dados recuperados de base auxiliar; datas não localizadas,media
Giuseppe Santomaso,"Veneza, Itália",Accademia di Belle Arti di Venezia,1932,https://en.wikipedia.org/wiki/Giuseppe_Santomaso,https://en.wikipedia.org/wiki/Giuseppe_Santomaso,https://en.wikipedia.org/wiki/Giuseppe_Santomaso,A fonte consultada informa início dos estudos na Academia de Belas Artes de Veneza em 1932.,media
Aligi Sassu,"Milão, Itália; Milão, Itália",Accademia di Brera; Accademia Libera,c. 1920s; c. 1920s,https://sangiorgioarte.it/en/artisti/sassu-aligi/,https://sangiorgioarte.it/en/artisti/sassu-aligi/,,"Fontes de biografia indicam passagem por Brera e, depois, pela Accademia Libera, sem datas exatas nesta passada.",media
Scipione,"Roma, Itália","Scuola Libera di Nudo, Accademia di Belle Arti di Roma",,https://en.wikipedia.org/wiki/Scipione_(Gino_Bonichi),https://en.wikipedia.org/wiki/Scipione_(Gino_Bonichi),,instituição confirmada; data de ingresso não localizada com precisão na fonte consultada,media
Pio Semeghini,"Modena, Itália; Florença, Itália; Paris, França",Accademia di Belle Arti di Modena; Accademia di Belle Arti di Firenze; Académie Julian,,https://it.wikipedia.org/wiki/Pio_Semeghini,https://piosemeghini.it/biografia.php,,"As fontes convergem sobre a formação nas academias de Modena e Florença e a frequência à Académie Julian em Paris, mas sem datas precisas localizadas.",media
Gino Severini,"Roma, Itália; Roma, Itália",Free School for Nude Studies; academia privada / Villa Medici,c. 1899–1901; c. 1899–1901,Wikipedia; TheArtStory,Wikipedia; TheArtStory,Wikipedia; TheArtStory,Sem formação escolar contínua anterior; estudos artísticos formais curtos em Roma.,media
Gustave Singier,"Paris, França",École Boulle,1923–1926,Wikipedia; Annex Galleries,Wikipedia; Annex Galleries,Wikipedia; Annex Galleries,,media
Mario Sironi,"Roma, Itália; Roma, Itália","University of Rome; Scuola Libera del Nudo, Accademia di Belle Arti di Roma",até 1903; c. 1903–1905,https://en.wikipedia.org/wiki/Mario_Sironi,https://en.wikipedia.org/wiki/Mario_Sironi,https://en.wikipedia.org/wiki/Mario_Sironi,"A biografia consultada informa estudos de engenharia em Roma e, depois, formação artística na Scuola Libera del Nudo.",media
Ardengo Soffici,"Florença, Itália; Florença, Itália",Accademia di Belle Arti di Firenze; Scuola Libera del Nudo,1897–1900; c. 1897–1900,https://en.wikipedia.org/wiki/Ardengo_Soffici,https://en.wikipedia.org/wiki/Ardengo_Soffici,https://en.wikipedia.org/wiki/Ardengo_Soffici,Fontes apontam estudos na Academia de Belas Artes de Florença e na escola livre do nu antes da ida a Paris.,alta
Atanasio Soldati,"Turim, Itália",Politecnico di Torino,c. 1910s,fontes biográficas de referência,fontes biográficas de referência,fontes biográficas de referência,formação universitária anterior à atividade artística abstrata,media
Fernando Szyszlo,"Lima, Peru; Lima, Peru",Escuela Nacional de Ingeniería; Facultad de Artes Plásticas da Pontificia Universidad Católica del Perú,1943; c. 1940s,Wikipedia; Portal Contemporâneo da América Latina e Caribe,Wikipedia; Portal Contemporâneo da América Latina e Caribe,Wikipedia; Portal Contemporâneo da América Latina e Caribe,Inicia arquitetura e depois migra para artes plásticas.,alta
Arturo Tosi,"Milão, Itália",Brera Academy of Fine Arts (escola de estudos do nu),1890–1891,https://en.wikipedia.org/wiki/Arturo_Tosi,https://en.wikipedia.org/wiki/Arturo_Tosi,https://en.wikipedia.org/wiki/Arturo_Tosi,A biografia indica frequência à escola de estudos do nu da Brera entre 1890 e 1891.,alta
Waichi Tsutaka,"Osaka, Japão",Nakanoshima Yōga Kenkyūjo,1939,https://en.wikipedia.org/wiki/Waichi_Tsutaka,https://en.wikipedia.org/wiki/Waichi_Tsutaka,https://en.wikipedia.org/wiki/Waichi_Tsutaka,escola privada de pintura ocidental,media
Giulio Turcato,"Veneza, Itália; Veneza, Itália",Liceo Artistico; Scuola Libera del Nudo,,https://www.turcato.org/biography/,https://www.turcato.org/biography/,,"O arquivo do artista informa frequência ao Liceo Artistico e, depois, à Scuola Libera del Nudo em Veneza, sem datas exatas nesta passada.",media
Gianfilippo Usellini,"Milão, Itália; Milão, Itália",Liceo artistico di Brera; Accademia di belle arti di Brera,início dos anos 1920; 1923–1927,https://www.treccani.it/enciclopedia/gianfilippo-usellini_(Dizionario-Biografico)/,https://www.treccani.it/enciclopedia/gianfilippo-usellini_(Dizionario-Biografico)/,https://it.wikipedia.org/wiki/Gianfilippo_Usellini,na Accademia di Brera estuda com Ambrogio Alciati,alta
Giuliano Vangi,"Florença, Itália; Florença, Itália",Istituto d'Arte di Firenze; Accademia di Belle Arti di Firenze,,Praemium Imperiale; Wikipedia,Praemium Imperiale; Wikipedia,,instituições identificadas; datas não localizadas,alta
Louis Van Lint,"Saint-Josse-ten-Noode, Bélgica",Académie des beaux-arts de Saint-Josse-ten-Noode,,MAC_consolidado_normalized.csv / nationality_applied_dataset.csv,MAC_consolidado_normalized.csv / nationality_applied_dataset.csv,,dados recuperados de base auxiliar; datas não localizadas,alta
Victor Vasarely,"Budapeste, Hungria; Budapeste, Hungria; Budapeste, Hungria",University of Budapest; Podolini-Volkmann Academy; Muhely,1925–1927; 1927; 1929,https://www.fondationvasarely.org/architectonic-center/victor-vasarely/ ; https://www.fairheadfineart.com/biographies/victor-vasarely,https://www.fondationvasarely.org/architectonic-center/victor-vasarely/ ; https://www.fairheadfineart.com/biographies/victor-vasarely,https://www.fondationvasarely.org/architectonic-center/victor-vasarely/ ; https://www.fairheadfineart.com/biographies/victor-vasarely,Muhely é frequentemente descrita como a Bauhaus de Budapeste.,media
Renzo Vespignani,"Roma, Itália",,c. 1940s,fontes biográficas de referência,fontes biográficas de referência,fontes biográficas de referência,artista geralmente descrito como autodidata; mantido apenas local de formação,media
Lorenzo Viani,"Lucca, Itália",Istituto di Belle Arti di Lucca,s.d.,fontes biográficas de referência,fontes biográficas de referência,fontes biográficas de referência,instituição identificada; datas não localizadas com precisão,media
Theodor Werner,"Stuttgart, Alemanha; Paris, França",Stuttgarter Akademie; atelier de Charles Guérin,1908–1909; 1909–1914,https://de.wikipedia.org/wiki/Theodor_Werner_(Maler),https://de.wikipedia.org/wiki/Theodor_Werner_(Maler),https://de.wikipedia.org/wiki/Theodor_Werner_(Maler),formação artística paralela à atividade como professor,media
Emilio Vedova,"Veneza, Itália",aulas noturnas de decoração no Carmini,c. final dos anos 1930,Peggy Guggenheim Collection; Wikipedia,Peggy Guggenheim Collection; Wikipedia,Peggy Guggenheim Collection,Principalmente autodidata; registro mantido por haver fonte explícita para aulas noturnas.,media
Moussia Pinto Alves,"Rio de Janeiro, Brasil",,s.d.,fontes biográficas de referência,fontes biográficas de referência,fontes biográficas de referência,formação não institucional claramente localizada; mantido local de estudo/atividade,baixa
Tarsila do Amaral,"São Paulo; Barcelona, Espanha; Paris, França",Colégio Sion; Académie Julian,1904; 1920,site oficial Tarsila do Amaral,site oficial Tarsila do Amaral,site oficial Tarsila do Amaral,"também estudou com Pedro Alexandrino, Fernand Léger, André Lhote e Albert Gleizes",alta
Oswald de Andrade Filho,São Paulo; Europa/Suíça,"Estudos na Suíça; aulas com Candido Portinari, Anita Malfatti e Lasar Segall",c. 1924-1929; 1931-1936,https://enciclopedia.itaucultural.org.br/pessoas/3397-oswald-de-andrade-filho | https://www.guiadasartes.com.br/oswald-de-andrade-filho/obras-e-biografia,https://enciclopedia.itaucultural.org.br/pessoas/3397-oswald-de-andrade-filho | https://www.guiadasartes.com.br/oswald-de-andrade-filho/obras-e-biografia,https://enciclopedia.itaucultural.org.br/pessoas/3397-oswald-de-andrade-filho | https://www.guiadasartes.com.br/oswald-de-andrade-filho/obras-e-biografia,"A fonte indica estudos na Suíça e formação prática com Portinari, Anita Malfatti e Lasar Segall; mantida redação conservadora.",media
Jenner Augusto,"Laranjeiras, Sergipe, Brasil",,c. 1940,https://www.beirith.art.br/artista/Jenner-Augusto/130,,https://www.beirith.art.br/artista/Jenner-Augusto/130,estuda pintura com Horácio Hora; instituição formal não localizada,media
Lula Cardoso Ayres,"Rio de Janeiro, Brasil",Escola Nacional de Belas Artes,1926,https://enciclopedia.itaucultural.org.br/pessoas/3400-lula-cardoso-ayres,https://enciclopedia.itaucultural.org.br/pessoas/3400-lula-cardoso-ayres,https://enciclopedia.itaucultural.org.br/pessoas/3400-lula-cardoso-ayres,frequenta informalmente a Enba; também tem aulas de modelo vivo com Rodolfo Amoedo e estuda no ateliê de Carlos Chambelland,alta
Antonio Bandeira,"Paris, França; Paris, França",École Nationale Supérieure des Beaux-Arts; Académie de La Grande Chaumière,,https://enciclopedia.itaucultural.org.br/pessoas/2555-antonio-bandeira,https://enciclopedia.itaucultural.org.br/pessoas/2555-antonio-bandeira,,instituições identificadas; datas não localizadas,media
Aldo Bonadei,São Paulo,ateliê de Pedro Alexandrino,1923–1928,Guia das Artes,Guia das Artes,Guia das Artes,também frequentou o ateliê de Antonio Rocco,media
Sheila Brannigan,"Suíça; Paris, França",ateliers de André Lhote e Henry Goetz; Académie de La Grande Chaumière,antes de 1957; sem datas exatas na fonte,https://www.catalogodasartes.com.br/artista/Sheila%20Brannigan/,https://www.catalogodasartes.com.br/artista/Sheila%20Brannigan/,https://www.catalogodasartes.com.br/artista/Sheila%20Brannigan/,A fonte indica início da pintura na Suíça e posterior formação em Paris.,alta
Francisco Brennand,"Recife, Brasil",formação com Abelardo da Hora,1942,https://plone.ufpb.br/pinacoteca/contents/menu/institucional/biografia/francisco-brennand-1927-2019,https://plone.ufpb.br/pinacoteca/contents/menu/institucional/biografia/francisco-brennand-1927-2019,https://plone.ufpb.br/pinacoteca/contents/menu/institucional/biografia/francisco-brennand-1927-2019,A fonte universitária confirma o início da formação com Abelardo da Hora em 1942; não localizei instituição formal inequívoca para esse início.,media
Gerda Brentani,Trieste (Itália); São Paulo (SP),Conservatorio Giuseppe Verdi de Trieste; estudos com Ernesto de Fiori,antes de 1939; década de 1940,https://pt.wikipedia.org/wiki/Gerda_Brentani | https://www.escritoriodearte.com/artista/gerda-brentani,https://pt.wikipedia.org/wiki/Gerda_Brentani | https://www.escritoriodearte.com/artista/gerda-brentani,https://www.escritoriodearte.com/artista/gerda-brentani,As fontes indicam formação musical formal e formação artística posterior com Ernesto de Fiori.,alta
Gino Bruno,"São Paulo, Brasil",Liceu de Artes e Ofícios; Escolinha de Artesanato,1912,https://enciclopedia.itaucultural.org.br/pessoas/7021-gino-bruno,https://enciclopedia.itaucultural.org.br/pessoas/7021-gino-bruno,https://enciclopedia.itaucultural.org.br/pessoas/7021-gino-bruno,"estuda no Liceu de Artes e Ofícios e na Escolinha de Artesanato, com Benjamin...",alta
Roberto Burle Marx,"Berlim, Alemanha; Rio de Janeiro, Brasil",ateliê de Degner Klemn; Escola Nacional de Belas Artes,1929; 1930–1934,Itaú Cultural; Wikipédia,Itaú Cultural; Wikipédia,Itaú Cultural,Formação em pintura e arquitetura confirmada; ateliê anterior em Berlim.,alta
Mick Carnicelli,São Paulo (SP); Veneza (Itália),Mackenzie College; Accademia di Belle Arti di Venezia; estudos com Ettore Tito,1909,https://enciclopedia.itaucultural.org.br/pessoas/7380-mick-carnicelli | https://www.escritoriodearte.com/artista/michele-carnicelli-sobrinho,https://enciclopedia.itaucultural.org.br/pessoas/7380-mick-carnicelli | https://www.escritoriodearte.com/artista/michele-carnicelli-sobrinho,https://www.escritoriodearte.com/artista/michele-carnicelli-sobrinho,A fonte menciona curso comercial no Mackenzie e estudos de pintura em Veneza.,alta
Osvaldo Oliveira Cunha,São Paulo,Faculdade de Belas Artes de São Paulo; oficinas do Museu Lasar Segall e da Pinacoteca; estudos com Michinori Inagaki,anos 1980,https://www.newbarbizonartgallery.com/osvaldo-oliveira-personal-art-gallery | https://www.guapufrn.com/0001/osvaldo-oliveira,https://www.newbarbizonartgallery.com/osvaldo-oliveira-personal-art-gallery | https://hotmart.com/pt-br/marketplace/produtos/osvaldo-oliveira/V75861961W,https://www.newbarbizonartgallery.com/osvaldo-oliveira-personal-art-gallery,As fontes abertas usam 'Osvaldo Oliveira'; mantive associação ao creator 'Osvaldo Oliveira Cunha' com confiança média.,media
Milton Dacosta,"Niterói, Brasil; Rio de Janeiro, Brasil",ateliê de August Hantv; Escola Nacional de Belas Artes (curso livre de Marques Júnior),1929; 1930,Itaú Cultural; Guia das Artes,Itaú Cultural; Guia das Artes,Itaú Cultural,Frequenta por cerca de três meses o curso livre da Enba em 1930.,alta
Darel Valença Lins,"Recife, Brasil; Rio de Janeiro, Brasil",Escola de Belas Artes do Recife (atual UFPE); Liceu de Artes e Ofícios,1941–1942; 1948,https://www.escritoriodearte.com/artista/darel-valenca-lins,https://www.escritoriodearte.com/artista/darel-valenca-lins,https://www.escritoriodearte.com/artista/darel-valenca-lins,depois entra em contato com Oswaldo Goeldi; mantidos apenas dados formativos explicitados na fonte,alta
Arnaldo Pedroso D'Horta,São Paulo (SP),Faculdade de Direito da Universidade de São Paulo (USP),,https://enciclopedia.itaucultural.org.br/pessoas/2977-arnaldo-pedroso-d-horta | https://www.guiadasartes.com.br/arnaldo-pedroso-dhorta/quem-foi,https://enciclopedia.itaucultural.org.br/pessoas/2977-arnaldo-pedroso-d-horta | https://www.guiadasartes.com.br/arnaldo-pedroso-dhorta/quem-foi,,"A fonte informa formação em ciências jurídicas e sociais pela USP, sem cronologia detalhada.",alta
Cícero Dias,Rio de Janeiro,Escola de Belas Artes,1925–1928,Wikipédia,Wikipédia,Wikipédia,abandonou a escola em 1928,media
Emiliano Di Cavalcanti,Rio de Janeiro; São Paulo,Colégio Pio Americano; Faculdade de Direito do Largo de São Francisco,1916,Guia das Artes,Guia das Artes,Guia das Artes,formação artística majoritariamente extraescolar no período inicial,media
Danilo Di Prete,"Turim, Itália",Accademia Albertina di Belle Arti,c. 1930s,biografia institucional do artista; fontes de referência,biografia institucional do artista; fontes de referência,biografia institucional do artista; fontes de referência,datas aproximadas,media
Joaquim Lopes Figueira,São Paulo (SP),Liceu de Artes e Ofícios de São Paulo; ateliê de Waldemar Belisário,1919-1922,https://enciclopedia.itaucultural.org.br/pessoas/6301-joaquim-figueira | https://front.master.enciclopedia-ic.org/pessoa21875/joaquim-figueira,https://enciclopedia.itaucultural.org.br/pessoas/6301-joaquim-figueira | https://front.master.enciclopedia-ic.org/pessoa21875/joaquim-figueira,https://enciclopedia.itaucultural.org.br/pessoas/6301-joaquim-figueira | https://front.master.enciclopedia-ic.org/pessoa21875/joaquim-figueira,,alta
Vittorio Gobbis,"Veneza, Itália",Accademia di Belle Arti di Venezia,s.d.,fontes biográficas de referência,fontes biográficas de referência,fontes biográficas de referência,instituição identificada; datas não localizadas com precisão,media
Antônio Gomide,"Genebra, Suíça; França",Escola de Comércio de Genebra; Escola de Belas Artes de Genebra,,Wikipédia,Wikipédia,,também praticou afresco com Marcel-Lenoir em Paris; datas não localizadas com segurança,media
Clóvis Graciano,"São Paulo, Brasil; São Paulo, Brasil; Paris, França",estudos com Waldemar da Costa; Escola Paulista de Belas Artes (aluno ouvinte); estudos de gravura e pintura mural,1935–1937; até 1938; 1949–1951,Itaú Cultural; Guia das Artes; Escritório de Arte,Itaú Cultural; Guia das Artes; Escritório de Arte,Guia das Artes; Wikipédia,"Também estudou gravura e pintura mural em Paris, mas a instituição não foi identificada com segurança nas fontes revisadas; Parte da formação ocorreu com mestre e como aluno ouvinte; estudos posteriores em Paris após prêmio de viagem.",media
Marcelo Grassmann,"São Paulo, Brasil",Escola Profissional Masculina do Brás,1939–1942,Núcleo Marcello Grassmann; Escritório de Arte,Núcleo Marcello Grassmann; Escritório de Arte,Escritório de Arte,"Estuda fundição, mecânica e entalhe em madeira.",alta
Dimitri Ismailovitch,"São Petersburgo, Rússia; Paris, França",Imperial Academy of Arts; Académie Julian,s.d.; s.d.,fontes biográficas de referência,fontes biográficas de referência,fontes biográficas de referência,formação em duas instituições frequentemente citadas em biografias,media
Renée Lefèvre,São Paulo; Paris,estudos com Pedro Alexandrino Borges; Académie Julian; Académie de La Grande Chaumière,década de 1940 em Paris; sem data exata do estudo com Pedro Alexandrino,https://pt.wikipedia.org/wiki/Ren%C3%A9e_Lef%C3%A8vre | https://enciclopedia.itaucultural.org.br/pessoas/259-renee-lefevre,https://pt.wikipedia.org/wiki/Ren%C3%A9e_Lef%C3%A8vre | https://enciclopedia.itaucultural.org.br/pessoas/259-renee-lefevre | https://www.escritoriodearte.com/artista/renee-lefevre,https://enciclopedia.itaucultural.org.br/pessoas/259-renee-lefevre,,media
Fernando Lemos,"Lisboa, Portugal; Lisboa, Portugal",Escola António Arroio; Escola de Belas-Artes de Lisboa,c. 1940s; c. 1940s,biografia institucional do artista; fontes de referência,biografia institucional do artista; fontes de referência,biografia institucional do artista; fontes de referência,datas aproximadas,media
Aloísio Magalhães,"Recife, Brasil; Paris, França; Paris, França",Universidade Federal de Pernambuco; curso de museologia; Atelier 17,1950; 1951–1953; 1951–1953,https://pt.wikipedia.org/wiki/Alo%C3%ADsio_Magalh%C3%A3es; https://portal.iphan.gov.br/noticias/detalhes/3216,https://pt.wikipedia.org/wiki/Alo%C3%ADsio_Magalh%C3%A3es,https://pt.wikipedia.org/wiki/Alo%C3%ADsio_Magalh%C3%A3es,O aperfeiçoamento em design gráfico nos EUA aparece sem instituição específica no trecho consultado.,alta
Anita Malfatti,"São Paulo, Brasil; São Paulo, Brasil; Berlim, Alemanha",Escola Americana; Mackenzie College; Academia de Belas Artes de Berlim,1903; 1906; ,https://pt.wikipedia.org/wiki/Anita_Malfatti,https://pt.wikipedia.org/wiki/Anita_Malfatti,https://pt.wikipedia.org/wiki/Anita_Malfatti,instituição em Berlim identificada; data precisa não localizada,media
Emeric Marcier,"Milão, Itália; Paris, França",Accademia di Belle Arti di Brera; École Nationale Supérieure des Beaux-Arts,1935–1938; 1939,https://www.escritoriodearte.com/artista/emeric-marcier,https://www.escritoriodearte.com/artista/emeric-marcier,https://www.escritoriodearte.com/artista/emeric-marcier,,alta
Aldemir Martins,"Fortaleza, Brasil; Fortaleza, Brasil",Colégio Militar de Fortaleza; Ateneu São José,1934; 1939,https://pt.wikipedia.org/wiki/Aldemir_Martins,https://pt.wikipedia.org/wiki/Aldemir_Martins,https://pt.wikipedia.org/wiki/Aldemir_Martins,,media
Leyla Mattoso,"Rio de Janeiro, Brasil",Escola Nacional de Belas Artes,s.d.,fontes biográficas de referência,fontes biográficas de referência,fontes biográficas de referência,instituição identificada em fontes sumárias,baixa
Sérgio Milliet,"Genebra, Suíça",Universidade de Genebra,1912–1918,fontes biográficas de referência,fontes biográficas de referência,fontes biográficas de referência,"formação em ciências sociais/letras, não em escola de arte",alta
Fernando Odriozola,"Montevidéu, Uruguai",Escuela Nacional de Bellas Artes,s.d.,fontes biográficas de referência,fontes biográficas de referência,fontes biográficas de referência,instituição identificada em fontes sumárias,media
Raimundo de Oliveira,Feira de Santana; Salvador,seminário de Feira de Santana; Escola de Belas Artes da Universidade da Bahia; cursos com Maria Célia Amado,1942-1943; 1947 em diante,https://galeriadearte.art.br/artista/raimundo-de-oliveira/ | https://www.guiadasartes.com.br/raimundo-de-oliveira/vida | https://enciclopedia.itaucultural.org.br/pessoas/2741-raimundo-de-oliveira,https://www.guiadasartes.com.br/raimundo-de-oliveira/vida | https://galeriadearte.art.br/artista/raimundo-de-oliveira/,https://galeriadearte.art.br/artista/raimundo-de-oliveira/ | https://www.guiadasartes.com.br/raimundo-de-oliveira/vida,A formação inicial aparece por influência da mãe e pela passagem pelo seminário; em 1947 a fonte menciona cursos regulares de pintura na Universidade da Bahia.,alta
Paulo Rossi Osir,"Bolonha, Itália",Accademia di Belle Arti di Bologna,c. 1910s,biografia institucional do artista; fontes de referência,biografia institucional do artista; fontes de referência,biografia institucional do artista; fontes de referência,datas aproximadas,media
Fayga Ostrower,"Rio de Janeiro, Brasil",Fundação Getulio Vargas,1947,https://pt.wikipedia.org/wiki/Fayga_Ostrower,https://pt.wikipedia.org/wiki/Fayga_Ostrower,https://pt.wikipedia.org/wiki/Fayga_Ostrower,curso de Artes Gráficas; estudou xilogravura com Axl Leskoscheck e gravura em metal com Carlos Oswald,alta
José Pancetti,"Rio de Janeiro, Brasil",Núcleo Bernardelli,1933,Itaú Cultural; MAM Rio,Itaú Cultural; MAM Rio,Itaú Cultural,Aprendizado inicial autodidata; em 1933 ingressa no Núcleo Bernardelli e recebe orientação de Bruno Lechowski.,alta
Fulvio Pennacchi,"Lucca, Itália",Regio Istituto di Belle Arti / Academia Real de Belas Artes de Lucca,até 1928,Itaú Cultural; Fulvio Pennacchi Oficial,Itaú Cultural; Fulvio Pennacchi Oficial,Itaú Cultural; Fulvio Pennacchi Oficial,"Fontes convergem para formação em pintura mural em Lucca, com graduação em 1928.",alta
Marianne Peretti,"Paris, França; Paris, França",École nationale supérieure des arts décoratifs; Académie de la Grande Chaumière,,https://mauc.ufc.br/pt/marianne-peretti/,https://mauc.ufc.br/pt/marianne-peretti/,,"Fonte institucional confirma as duas escolas em Paris, mas não traz datas precisas do período de estudos.",alta
Maria Polo,"Montevidéu, Uruguai",Escuela Nacional de Bellas Artes,s.d.,fontes biográficas de referência,fontes biográficas de referência,fontes biográficas de referência,instituição identificada em fontes sumárias,baixa
Candido Portinari,Rio de Janeiro,Escola Nacional de Belas Artes,desde 1920,Projeto Portinari,Projeto Portinari,Projeto Portinari,,alta
Carlos Prado,"São Paulo, Brasil",Liceu de Artes e Ofícios de São Paulo,s.d.,fontes biográficas de referência,fontes biográficas de referência,fontes biográficas de referência,instituição identificada em fontes sumárias,baixa
Francisco Rebolo Gonsales,"São Paulo, Brasil",Escola Profissional Masculina do Brás,1915–1917,Escritório de Arte; Guia das Artes,Escritório de Arte; Guia das Artes,Escritório de Arte; Guia das Artes,Teve aulas de desenho com o professor Barquita.,alta
Paolo Rissone,"Milão, Itália",Accademia di Brera,s.d.,fontes biográficas de referência,fontes biográficas de referência,fontes biográficas de referência,instituição identificada; datas não localizadas com precisão,baixa
Moacyr de Vicentis Rocha,São Paulo,"Estúdio Gravura, escola de Lívio Abramo",1960-1962,https://revistas.belasartes.br/revistabelasartes/article/view/263 | https://livrozilla.com/doc/412295/zita-viana-de-barros-e-moacyr-de-vicentis-rocha | https://www.academia.edu/26758427/ZITA_VIANA_DE_BARROS_E_MOACYR_DE_VICENTIS_ROCHA_A_PRODU%C3%87%C3%83O_SOB_A_INFLU%C3%8ANCIA_DE_L%C3%8DVIO_ABRAMO,https://revistas.belasartes.br/revistabelasartes/article/view/263 | https://livrozilla.com/doc/412295/zita-viana-de-barros-e-moacyr-de-vicentis-rocha | https://www.academia.edu/26758427/ZITA_VIANA_DE_BARROS_E_MOACYR_DE_VICENTIS_ROCHA_A_PRODU%C3%87%C3%83O_SOB_A_INFLU%C3%8ANCIA_DE_L%C3%8DVIO_ABRAMO,https://revistas.belasartes.br/revistabelasartes/article/view/263 | https://livrozilla.com/doc/412295/zita-viana-de-barros-e-moacyr-de-vicentis-rocha,,alta
José Antônio da Silva,"São José do Rio Preto, Brasil",,c. 1940s,Enciclopédia Itaú Cultural / fontes biográficas,Enciclopédia Itaú Cultural / fontes biográficas,Enciclopédia Itaú Cultural / fontes biográficas,artista autodidata; sem escola formal localizada,media
José Cláudio da Silva,"Recife, Brasil",Escola de Belas Artes da Universidade Federal de Pernambuco,c. 1960s,fontes biográficas de referência,fontes biográficas de referência,fontes biográficas de referência,instituição identificada em biografias do artista,media
Quirino da Silva,"São Paulo, Brasil",Liceu de Artes e Ofícios de São Paulo,c. 1910s,fontes biográficas de referência,fontes biográficas de referência,fontes biográficas de referência,instituição identificada; datas aproximadas,media
Emídio de Souza,Santos,estudos de pintura com Benedito Calixto,1888-1890,https://www.guiadasartes.com.br/emidio-de-souza/obras-e-biografia,https://www.guiadasartes.com.br/emidio-de-souza/obras-e-biografia,https://www.guiadasartes.com.br/emidio-de-souza/obras-e-biografia,"A fonte recuperada indica estudo direto com Benedito Calixto em Santos, sem instituição formal nomeada.",alta
Lúcia Suanê,"São Paulo, Brasil",,a partir de 1945,https://galeriaestacao.com.br/documents/portfolio_110_153c0-%28pt%29-suane---%5Blucia-suane-carvalho-nobrega%5D-%281%29.pdf ; https://institutosuane.com/vida,https://galeriaestacao.com.br/documents/portfolio_110_153c0-%28pt%29-suane---%5Blucia-suane-carvalho-nobrega%5D-%281%29.pdf ; https://institutosuane.com/vida,https://galeriaestacao.com.br/documents/portfolio_110_153c0-%28pt%29-suane---%5Blucia-suane-carvalho-nobrega%5D-%281%29.pdf ; https://institutosuane.com/vida,inicia trajetória artística em ateliê compartilhado com Nelson Nóbrega; escola formal não localizada,media
Rosina Becker do Valle,"Porto Alegre, Brasil",Instituto de Artes da UFRGS,s.d.,fontes biográficas de referência,fontes biográficas de referência,fontes biográficas de referência,instituição identificada; datas não localizadas com precisão,baixa
José Mauro de Vasconcelos,Natal (RN); Espanha,Faculdade de Medicina da capital potiguar; bolsa de estudos na Espanha (instituição não identificada na fonte),sem data precisa; permanência de cerca de 1 semana na Espanha,https://pt.wikipedia.org/wiki/Jos%C3%A9_Mauro_de_Vasconcelos | https://aordemnaturaldascoisas.blogs.sapo.pt/biografia-jose-mauro-vasconcelos-5513334,https://pt.wikipedia.org/wiki/Jos%C3%A9_Mauro_de_Vasconcelos | https://aordemnaturaldascoisas.blogs.sapo.pt/biografia-jose-mauro-vasconcelos-5513334,https://aordemnaturaldascoisas.blogs.sapo.pt/biografia-jose-mauro-vasconcelos-5513334,A fonte não nomeia a faculdade de medicina nem a instituição espanhola; deixado como descrição verificável.,baixa
Alfredo Volpi,"São Paulo, Brasil",Escola Profissional Masculina do Brás,,https://enciclopedia.itaucultural.org.br/pessoas/512-alfredo-volpi,https://enciclopedia.itaucultural.org.br/pessoas/512-alfredo-volpi,,instituição identificada; datas não localizadas,media
Anatol Wladyslaw,"São Paulo, Brasil; São Paulo, Brasil; São Paulo, Brasil",estudos com Lucy Citti Ferreira; estudos com Yolanda Mohalyi; Ateliê Abstração de Samson Flexor,c. fim dos anos 1930; c. fim dos anos 1930; c. anos 1950,https://icaa.mfah.org/s/en/item/1322921; https://www.proec.unicamp.br/wp-content/uploads/2025/10/Conversas-com-o-Acervo-Anatol-Wladyslaw.pdf,https://icaa.mfah.org/s/en/item/1322921; https://www.proec.unicamp.br/wp-content/uploads/2025/10/Conversas-com-o-Acervo-Anatol-Wladyslaw.pdf,https://icaa.mfah.org/s/en/item/1322921,A própria biografia consultada também o descreve como autodidata; por isso a confiança fica média.,media
Mário Zanini,"São Paulo, Brasil; São Paulo, Brasil",Escola Profissional Masculina do Brás; Liceu de Artes e Ofícios de São Paulo,1920–1922; 1924–1926,Escritório de Arte; Guia das Artes,Escritório de Arte; Guia das Artes,Escritório de Arte; Guia das Artes,,alta
Georges Braque,"Le Havre, França; Paris, França; Paris, França",École des Beaux-Arts du Havre; aprendizado de decorador; Académie Humbert,c. 1897–1899; até 1902; 1903–1904,Wikipedia; GeorgesBraque.org,Wikipedia; GeorgesBraque.org,Wikipedia; GeorgesBraque.org,Formação combina escola de belas-artes e aprendizado profissional de decorador.,alta
Oscar Dominguez,"San Cristóbal de La Laguna, Espanha",Instituto de La Laguna,,https://oliviermalingue.com/artists/53-oscar-dominguez/biography/,https://oliviermalingue.com/artists/53-oscar-dominguez/biography/,,"A biografia confirma estudos no Instituto de La Laguna, mas sem datas precisas no trecho consultado.",media
Raoul Dufy,"Le Havre, França; Paris, França",École des Beaux-Arts du Havre; École Nationale supérieure des Beaux-Arts,1895–1900; 1900,Wikipedia; Britannica,Wikipedia; Britannica,Wikipedia; Britannica,,alta
Fernand Léger,"Paris, França; Paris, França; Paris, França",École des Arts Décoratifs; École des Beaux-Arts; Académie Julian,1903; 1903; c. 1903–1904,https://www.tate.org.uk/whats-on/tate-britain/fernand-leger,https://www.tate.org.uk/whats-on/tate-britain/fernand-leger,https://www.tate.org.uk/whats-on/tate-britain/fernand-leger,"Formação anterior em arquitetura mencionada em outras biografias, mas sem instituição formal confirmada nesta passada.",alta
Henri Matisse,"Paris, França; Paris, França",Académie Julian; École des Beaux-Arts,1891; 1892–1897,https://www.musee-matisse-nice.org/en/the-artist/biography/,https://www.musee-matisse-nice.org/en/the-artist/biography/,https://www.musee-matisse-nice.org/en/the-artist/biography/ ; https://www.musee-matisse-nice.org/en/the-artist/biography/1892-1897-2/,Dados educacionais confirmados em biografia do Musée Matisse.,alta
Joan Miró,"Barcelona, Espanha; Barcelona, Espanha",Escola Superior d'Arts Industrials i Belles Arts (La Llotja); Escola de Comerç de Barcelona,até 1910; c. 1907–1910,https://www.fmirobcn.org/en/foundation/joan-miro/,https://www.fmirobcn.org/en/foundation/joan-miro/,https://www.fmirobcn.org/en/foundation/joan-miro/,A formação artística em La Llotja é a principal referência para o campo educacional.,alta
Amedeo Modigliani,"Livorno, Itália; Florença, Itália",estudos com Guglielmo Micheli; Accademia di Belle Arti di Firenze,1898; 1902,https://en.wikipedia.org/wiki/Amedeo_Modigliani; https://www.britannica.com/biography/Amedeo-Modigliani,https://en.wikipedia.org/wiki/Amedeo_Modigliani; https://www.britannica.com/biography/Amedeo-Modigliani,https://en.wikipedia.org/wiki/Amedeo_Modigliani; https://www.britannica.com/biography/Amedeo-Modigliani,,media
Pablo Picasso,"Barcelona, Espanha; Madrid, Espanha",School of Fine Arts of La Lonja; Real Academia de San Fernando,1895–1900; 1897–1898,https://www.museepicassoparis.fr/en/picasso-timeline ; https://www.museepicassoparis.fr/en/picassos-training,https://www.museepicassoparis.fr/en/picasso-timeline ; https://www.museepicassoparis.fr/en/picassos-training,https://www.museepicassoparis.fr/en/picasso-timeline ; https://www.museepicassoparis.fr/en/picassos-training,"Treinado também pelo pai, professor de desenho, mas o preenchimento privilegia instituições formais.",alta
Rodolfo Abularach,"Cidade da Guatemala, Guatemala",Escuela Nacional de Artes Plásticas,c. 1940s–1950s,biografia institucional do artista; fontes de referência,biografia institucional do artista; fontes de referência,biografia institucional do artista; fontes de referência,datas aproximadas,media
Afro Basaldella,"Veneza, Itália",Accademia di Belle Arti di Venezia,c. 1930s,biografia institucional do artista; fontes de referência,biografia institucional do artista; fontes de referência,biografia institucional do artista; fontes de referência,formação artística registrada de modo geral; datas aproximadas,media
Aimée,,,,,,,identificação incompleta; não foi possível desambiguar com segurança,
Carlos Aliseris,"Montevidéu, Uruguai",Escuela Industrial Nº1 de Montevideo,1924–1928,https://arte.parlamento.gub.uy/autor/view/258,https://arte.parlamento.gub.uy/autor/view/258,https://arte.parlamento.gub.uy/autor/view/258,frequenta aulas de modelado com Luis Falcini,media
Nemesio Antúnez,"Santiago, Chile; Nova York, EUA",Pontificia Universidad Católica de Chile (arquitetura); Atelier 17,1938–1941; c. 1947–1949,biografia institucional do artista; fontes de referência,biografia institucional do artista; fontes de referência,biografia institucional do artista; fontes de referência,formação combina universidade e aperfeiçoamento em ateliê,media
Karel Appel,"Amsterdã, Países Baixos",Rijksakademie van beeldende kunsten,1942–1944,https://karelappelfoundation.com/karel-appel/chronology,https://karelappelfoundation.com/karel-appel/chronology,https://karelappelfoundation.com/karel-appel/chronology,A cronologia da fundação confirma ingresso na Rijksakademie em 1942 e proteção estudantil encerrada cerca de dois anos depois.,alta
Tatsuo Arai,"Tóquio, Japão",Tokyo School of Fine Arts,s.d.,fontes biográficas de referência,fontes biográficas de referência,fontes biográficas de referência,instituição identificada em fontes secundárias,baixa
Sophie Taeuber-Arp,"St. Gallen, Suíça; Munique, Alemanha; Hamburgo, Alemanha; Munique, Alemanha",Gewerbeschule / School of Applied Arts; Debschitz-Schule; Kunstgewerbeschule Hamburg; Debschitz-Schule,1906–1910; 1911; 1912–1913; 1913–1914,https://en.wikipedia.org/wiki/Sophie_Taeuber-Arp,https://en.wikipedia.org/wiki/Sophie_Taeuber-Arp,https://www.fondazionearp.ch/de/sophie-taeuber-arp,"As fontes permitem reconstituir a sequência de formação em St. Gallen, Munique e Hamburgo antes do retorno à Suíça em 1914.",alta
João Ayres,Lisboa; Porto,Escola de Belas Artes de Lisboa; Escola de Belas Artes do Porto,antes de 1946,https://www.cps.pt/pt/artistas/joao-ayres,https://www.cps.pt/pt/artistas/joao-ayres,https://www.cps.pt/pt/artistas/joao-ayres,A fonte fala em estudos de arquitetura nas duas escolas.,alta
Olle Bærtling,"Estocolmo, Suécia; Paris, França",escola de Otte Sköld; Académie André Lhote,1934; c. 1948,fontes biográficas de referência,fontes biográficas de referência,fontes biográficas de referência,formação combinando ateliê e academia,media
Heinz Battke,"Dresden, Alemanha",Akademie der Bildenden Künste Dresden,s.d.,fontes biográficas de referência,fontes biográficas de referência,fontes biográficas de referência,instituição identificada; datas não localizadas com precisão,baixa
Willi Baumeister,"Stuttgart, Alemanha; Stuttgart, Alemanha",Königlich Württembergische Akademie / Stuttgart Art Academy; classe de Adolf Hölzel na Stuttgart Art Academy,1905–1906; 1908–1912,https://en.wikipedia.org/wiki/Willi_Baumeister,https://en.wikipedia.org/wiki/Willi_Baumeister,https://en.wikipedia.org/wiki/Willi_Baumeister,"A biografia explicita estudos na academia de Stuttgart e, depois, na classe de composição de Adolf Hölzel.",alta
Gerrit Benner,"Leeuwarden, Países Baixos",,s.d.,fontes biográficas de referência,fontes biográficas de referência,fontes biográficas de referência,artista autodidata; sem escola formal localizada,media
Honoré Marius Bérard,"Marselha, França; Paris, França",École des Beaux-Arts de Marseille; École des Beaux-Arts de Paris,c. 1840s; c. 1850s,https://fr.wikipedia.org/wiki/Honor%C3%A9_Marius_B%C3%A9rard,https://fr.wikipedia.org/wiki/Honor%C3%A9_Marius_B%C3%A9rard,https://fr.wikipedia.org/wiki/Honor%C3%A9_Marius_B%C3%A9rard,datas aproximadas,media
Gaston Bertrand,"Bruxelas, Bélgica",Académie Royale des Beaux-Arts de Bruxelles,s.d.,fontes biográficas de referência,fontes biográficas de referência,fontes biográficas de referência,instituição identificada em biografias sumárias,media
Renato Birolli,"Verona, Itália",Accademia Cignaroli,,https://galleriadelloscudo.com/en/artist/renato-birolli-biography-artworks-exhibitions/,https://galleriadelloscudo.com/en/artist/renato-birolli-biography-artworks-exhibitions/,,"Biografia de arquivo informa estudos na Accademia Cignaroli, da qual foi expulso; não localizei datas exatas nesta passada.",media
Julius Bissier,"Freiburg, Alemanha; Karlsruhe, Alemanha",University of Freiburg; Academy of Fine Art Karlsruhe,c. 1913–1918; c. 1913–1914,https://www.bissier.org/en/biography,https://www.bissier.org/en/biography,https://lorenzelliarte.com/en/artists/33-julius-bissier/biography/,As fontes confirmam estudos de história da arte em Freiburg e breve passagem pela academia de Karlsruhe.,media
Carlos Antônio Botelho,"São Paulo, Brasil",Liceu de Artes e Ofícios de São Paulo,c. 1910s,biografia institucional do artista; fontes de referência,biografia institucional do artista; fontes de referência,biografia institucional do artista; fontes de referência,datas aproximadas,media
Byron Browne,"Nova Iorque, Estados Unidos; Nova Iorque, Estados Unidos",National Academy of Design; estudos com Hans Hofmann,1925–1928; 1935,https://en.wikipedia.org/wiki/Byron_Browne_%28artist%29; https://www.caldwellgallery.com/artists/byron-browne/biography,https://en.wikipedia.org/wiki/Byron_Browne_%28artist%29; https://www.caldwellgallery.com/artists/byron-browne/biography,https://en.wikipedia.org/wiki/Byron_Browne_%28artist%29,Formação combinou academia formal e estudos posteriores com Hofmann.,alta
Moshe Castel,"Jerusalém, Israel; Tel Aviv, Israel; Paris, França; Paris, França",Bezalel Art School; estúdio de Yitzhak Frenkel; Académie Julian; École du Louvre,1922–1925; 1925–1927; 1927; 1927,https://castelmuseum.co.il/en/moshe-castel-artist/moshe-castel,https://castelmuseum.co.il/en/moshe-castel-artist/moshe-castel,https://castelmuseum.co.il/en/moshe-castel-artist/moshe-castel,"O museu do artista documenta a sequência completa de formação em Jerusalém, Tel Aviv e Paris.",alta
Roger Chastel,"Paris, França; Paris, França",Beaux-Arts de Paris; Académie de La Palette,,nationality_applied_dataset.csv,nationality_applied_dataset.csv,,dados recuperados de base auxiliar; datas não localizadas,alta
Paul Clement,"Luxemburgo; Paris, França",Athénée de Luxembourg; École des Beaux-Arts,s.d.; s.d.,https://de.wikipedia.org/wiki/Paul_Clement_(Maler),https://de.wikipedia.org/wiki/Paul_Clement_(Maler),https://de.wikipedia.org/wiki/Paul_Clement_(Maler),formação geral em Luxemburgo e posterior formação artística em Paris,media
José Pedro Costigliolo,"Montevidéu, Uruguai; Montevidéu, Uruguai",Escuela Nacional de Bellas Artes; Taller Torres-García,s.d.; c. 1940s,fontes biográficas de referência,fontes biográficas de referência,fontes biográficas de referência,formação acadêmica e posterior estudo em taller,media
Arthur Garfield Dove,"Ithaca, Nova York, EUA",Cornell University,1900–1903,Britannica; biografia institucional,Britannica; biografia institucional,Britannica; biografia institucional,formação universitária com posterior migração para artes,alta
Ralph Du Casse,Cincinnati; Berkeley; Nova York; Oakland,"University of Cincinnati; University of California, Berkeley; estudos com Hans Hofmann; California College of Arts and Crafts",B.A. 1940; M.A. 1948; M.F.A. 1950,https://fostergwin.com/artist-bios/ralph-ducasse/ | https://www.carlsonartprojects.com/ralph-ducasse,https://fostergwin.com/artist-bios/ralph-ducasse/ | https://www.carlsonartprojects.com/ralph-ducasse,https://fostergwin.com/artist-bios/ralph-ducasse/ | https://www.carlsonartprojects.com/ralph-ducasse,,alta
Max Ernst,"Bonn, Alemanha",Universidade de Bonn,1909–1914,Britannica; biografia institucional,Britannica; biografia institucional,Britannica; biografia institucional,estudos universitários antes da consolidação artística,alta
Mario Faustinelli,,,,,,,formação não localizada com segurança,
Oscar Garcia Reino,Montevidéu; Bruxelas/França,Círculo de Bellas Artes; Escuela Taller de Artes Plásticas; cursos de composição de Cecilia Marcovich; Gobelins; Escuela Superior de Bellas Artes de Bruselas,1956-1958 para Gobelins/Bruxelas; sem datas exatas para a formação inicial,https://www.askart.com/bio/Oscar_Garcia_Reino/11102130/oscar-garcia-reino | https://www.lmda.uy/garcia-reino,https://www.askart.com/bio/Oscar_Garcia_Reino/11102130/oscar-garcia-reino | https://www.lmda.uy/garcia-reino,https://www.lmda.uy/garcia-reino,,media
Ahron Giladi,"Jerusalém, Israel",Bezalel Academy of Arts and Design,s.d.,fontes biográficas de referência,fontes biográficas de referência,fontes biográficas de referência,instituição identificada; datas não localizadas com precisão,media
Friedrich Vordemberg-Gildewart,"Hanover, Alemanha",Kunstgewerbeschule Hannover,s.d.,fontes biográficas de referência,fontes biográficas de referência,fontes biográficas de referência,instituição identificada; datas não localizadas com precisão,media
Leon Gischia,"Paris, França",École des Arts Décoratifs,c. 1920s,fontes biográficas de referência,fontes biográficas de referência,fontes biográficas de referência,instituição identificada em biografias sumárias,media
Morris Graves,"Seattle, EUA",,,fontes biográficas de referência,,,artista geralmente descrito como autodidata; sem escola formal localizada,media
René Guiette,"Antuérpia, Bélgica","Royal Academy of Fine Arts, Antwerp",1910s,https://en.wikipedia.org/wiki/Ren%C3%A9_Guiette,https://en.wikipedia.org/wiki/Ren%C3%A9_Guiette,https://en.wikipedia.org/wiki/Ren%C3%A9_Guiette,datas aproximadas,media
Robert Gwathmey,"Nova York, EUA; Filadélfia, EUA",Art Students League of New York; Pennsylvania Academy of the Fine Arts,c. 1926; 1929–1932,fontes biográficas de referência,fontes biográficas de referência,fontes biográficas de referência,,alta
Mira Schendel,"Milão, Itália",Universidade Católica de Milão; escola de arte não especificada,c. 1930s; 1936–,https://enciclopedia.itaucultural.org.br/pessoas/708-mira-schendel; https://pt.wikipedia.org/wiki/Mira_Schendel,https://enciclopedia.itaucultural.org.br/pessoas/708-mira-schendel; https://pt.wikipedia.org/wiki/Mira_Schendel,https://enciclopedia.itaucultural.org.br/pessoas/708-mira-schendel; https://pt.wikipedia.org/wiki/Mira_Schendel,instituição artística em Milão não especificada na fonte consultada,baixa
Krsto Hegedušić,"Zagreb, Croácia","Academy of Fine Arts, Zagreb",1926–1930,biografia institucional do artista; fontes de referência,biografia institucional do artista; fontes de referência,biografia institucional do artista; fontes de referência,,alta
Clara Heteny,Budapeste (Hungria),School of Applied Arts; Tibor Galle School of Drawing; Strasser Atelier,,https://www.hetenyfrancini.com/en/clara-heteny-biography/ | https://www.catalogodasartes.com.br/artista/Clara%20Heteny/,https://www.hetenyfrancini.com/en/clara-heteny-biography/ | https://www.catalogodasartes.com.br/artista/Clara%20Heteny/,,"A biografia consultada lista a formação inicial em Budapeste, mas sem datas precisas.",alta
Koos Hooykaas,"Haia, Países Baixos","Royal Academy of Art, The Hague",c. 1920s,biografia institucional do artista; fontes de referência,biografia institucional do artista; fontes de referência,biografia institucional do artista; fontes de referência,datas aproximadas,media
Hundertwasser,"Viena, Áustria",Academy of Fine Arts Vienna,1948,fontes biográficas de referência,fontes biográficas de referência,fontes biográficas de referência,frequência breve,alta
Nury Iyem,"Istambul, Turquia; Istambul, Turquia",Istanbul State Academy of Fine Arts; Higher Department of Painting,1933–1937; 1940,fontes biográficas de referência,fontes biográficas de referência,fontes biográficas de referência,,alta
Walter Jonas,"Stuttgart, Alemanha",Kunstgewerbeschule Stuttgart,s.d.,fontes biográficas de referência,fontes biográficas de referência,fontes biográficas de referência,instituição identificada; datas não localizadas com precisão,media
Tadashi Kaminagai,"Paris, França",,1927,https://pt.wikipedia.org/wiki/Tadashi_Kaminagai,,https://pt.wikipedia.org/wiki/Tadashi_Kaminagai,muda-se para Paris e é orientado na pintura por Tsuguharu Foujita; não foi localizada instituição formal,media
Mane-Katz,"Kiev, Ucrânia; Vilnius, Lituânia; Paris, França",Escola de Belas-Artes de Kiev; estudos em Vilnius; École des Beaux-Arts (atelier de Cormon),s.d.; s.d.; 1913–1914,https://www.artmajeur.com/mane-katz/pt,https://www.artmajeur.com/mane-katz/pt,https://www.artmajeur.com/mane-katz/pt,a trajetória inicial passa por Kiev e Vilnius antes da ida a Paris,media
Minoru Kawabata,"Tóquio, Japão",Tokyo Academy of Fine Arts,até 1934,https://www.alisonbradleyprojects.com/artists/41-minoru-kawabata/biography/,https://www.alisonbradleyprojects.com/artists/41-minoru-kawabata/biography/,https://www.alisonbradleyprojects.com/artists/41-minoru-kawabata/biography/,,alta
Aleksander Kobzdej,"Cracóvia, Polônia",Academy of Fine Arts in Kraków,c. 1946–1951,biografia institucional do artista; fontes de referência,biografia institucional do artista; fontes de referência,biografia institucional do artista; fontes de referência,datas aproximadas,media
Jan Lebensztejn,"Varsóvia, Polônia",Academy of Fine Arts in Warsaw,1948–1954,https://culture.pl/en/artist/jan-lebenstein,https://culture.pl/en/artist/jan-lebenstein,https://culture.pl/en/artist/jan-lebenstein,grafia variante do nome em fontes públicas: Jan Lebenstein,media
Richard Paul Lohse,"Zurique, Suíça",Kunstgewerbeschule Zürich,c. 1918–1922,biografia institucional do artista; fontes de referência,biografia institucional do artista; fontes de referência,biografia institucional do artista; fontes de referência,datas aproximadas,media
Peter Lubarda,"Belgrado, Sérvia",School of Fine Arts / Academy in Belgrade,1925–1929,biografia institucional do artista; fontes de referência,biografia institucional do artista; fontes de referência,biografia institucional do artista; fontes de referência,denominação institucional varia entre fontes,media
Evert Lundquist,"Estocolmo, Suécia; Paris, França; Estocolmo, Suécia",Carl Wilhelmson's painting school; Académie Julian; Konsthögskola,1924; 1924–1925; 1925–1931,https://en.wikipedia.org/wiki/Evert_Lundquist,https://en.wikipedia.org/wiki/Evert_Lundquist,https://en.wikipedia.org/wiki/Evert_Lundquist,,media
Frances Manacher,,,,,,,formação não localizada com segurança,
João Abel Manta,"Lisboa, Portugal",Escola Superior de Belas-Artes de Lisboa,c. 1940s–1950s,biografia institucional do artista; fontes de referência,biografia institucional do artista; fontes de referência,biografia institucional do artista; fontes de referência,datas aproximadas,media
André Masson,Bruxelas,Académie Royale des Beaux-Arts de Bruxelles,c. 1907–1912,Wikipédia,Wikipédia,Wikipédia,identificado como artista,media
Carlos Mérida,Paris,Académie Colarossi,c. 1910–1914,Wikipédia,Wikipédia,Wikipédia,identificado como artista,media
Lilly Michael,"Nova York, EUA",School of Painting and Sculpture at Columbia University,sem data exata na fonte,https://www.ripleyauctions.com/auction-lot/lily-michael-american-1912-1999-abstract-195_9C44095860,https://www.ripleyauctions.com/auction-lot/lily-michael-american-1912-1999-abstract-195_9C44095860,,A fonte usa a grafia Lily Michael; mantido o creator original Lilly Michael.,media
Armando Morales,"Manágua, Nicarágua",School of Plastic Arts in Managua,1948–1953,https://www.oas.org/artsoftheamericas/armando-morales,https://www.oas.org/artsoftheamericas/armando-morales,https://www.oas.org/artsoftheamericas/armando-morales,,alta
Carl Morris,"Chicago, EUA; Viena, Áustria; Viena, Áustria",Chicago Art Institute; Kunstgewerbeschule; Vienna Academy of Fine Art,s.d.; s.d.; s.d.,https://www.usbr.gov/museumproperty/art/biomorri.html,https://www.usbr.gov/museumproperty/art/biomorri.html,https://www.usbr.gov/museumproperty/art/biomorri.html,datas não localizadas na fonte consultada,media
Antoine Mortier,"Bruxelas, Bélgica",Académie des Beaux-Arts de Bruxelles,s.d.,fontes biográficas de referência,fontes biográficas de referência,fontes biográficas de referência,instituição identificada; datas não localizadas com precisão,baixa
Abraham Naton,Bucareste (Romênia),Bucharest Art Academy,1930-1935,https://www.beloosesky.com/artists/avraham-naton/biography | https://www.dangallery.co.il/artists/avraham-naton/,https://www.beloosesky.com/artists/avraham-naton/biography | https://www.dangallery.co.il/artists/avraham-naton/,https://www.beloosesky.com/artists/avraham-naton/biography | https://www.dangallery.co.il/artists/avraham-naton/,As fontes consultadas usam a forma Avraham Naton.,alta
Ion Oana Potecasu,,,,,,,formação não localizada com segurança,
Arthur Osver,"Chicago, EUA",School of the Art Institute of Chicago,1931–1936,https://www.annexgalleries.com/artists/biography/3594/Osver/Arthur,https://www.annexgalleries.com/artists/biography/3594/Osver/Arthur,https://www.annexgalleries.com/artists/biography/3594/Osver/Arthur,,alta
Maria Luisa Pacheco,"La Paz, Bolívia; Madrid, Espanha",Academia de Bellas Artes; Real Academia de Bellas Artes de San Fernando,1934; 1951–1952,https://www.oas.org/artsoftheamericas/maria-luisa-pacheco,https://www.oas.org/artsoftheamericas/maria-luisa-pacheco,https://en.wikipedia.org/wiki/Mar%C3%ADa_Luisa_Pacheco,inicia formação artística em La Paz e continua estudos de pós-graduação em Madri,alta
Luis Martinez Pedro,"Havana, Cuba",Academia de San Alejandro,c. 1920s–1930s,fontes biográficas de referência,fontes biográficas de referência,fontes biográficas de referência,,media
Hans Platschek,"Hamburgo, Alemanha",Hochschule für bildende Künste Hamburg,s.d.,fontes biográficas de referência,fontes biográficas de referência,fontes biográficas de referência,instituição identificada em biografias sumárias,baixa
Karl Plattner,"Veneza, Itália",Accademia di Belle Arti di Venezia,1937–1941,https://de.wikipedia.org/wiki/Karl_Plattner,https://de.wikipedia.org/wiki/Karl_Plattner,https://de.wikipedia.org/wiki/Karl_Plattner,,media
Zlatko Prica,"Zagreb, Croácia","Academy of Fine Arts, Zagreb",s.d.,fontes biográficas de referência,fontes biográficas de referência,fontes biográficas de referência,instituição identificada em biografias sumárias,media
Nelson Ramos,"Montevidéu, Uruguai; Montevidéu, Uruguai",Escuela Nacional de Bellas Artes; Taller Torres-García,s.d.; c. 1940s,fontes biográficas de referência,fontes biográficas de referência,fontes biográficas de referência,,media
Júlio de Resende,"Porto, Portugal; Paris, França",Escola Superior de Belas-Artes do Porto; Académie de la Grande Chaumière,1937–1945; c. 1947,biografia institucional do artista; fontes de referência,biografia institucional do artista; fontes de referência,biografia institucional do artista; fontes de referência,aperfeiçoamento posterior em Paris,media
Nicolas Rubió,Barcelona (Espanha),Escuela de Arquitectura de Barcelona,1915,https://es.wikipedia.org/wiki/Nicol%C3%A1s_Mar%C3%ADa_Rubi%C3%B3_Tudur%C3%AD | https://www.urbipedia.org/hoja/Nicol%C3%A1s_Rubi%C3%B3_Tudur%C3%AD,https://es.wikipedia.org/wiki/Nicol%C3%A1s_Mar%C3%ADa_Rubi%C3%B3_Tudur%C3%AD | https://www.urbipedia.org/hoja/Nicol%C3%A1s_Rubi%C3%B3_Tudur%C3%AD,https://es.wikipedia.org/wiki/Nicol%C3%A1s_Mar%C3%ADa_Rubi%C3%B3_Tudur%C3%AD | https://www.urbipedia.org/hoja/Nicol%C3%A1s_Rubi%C3%B3_Tudur%C3%AD,A correspondência adotada foi com Nicolás Maria Rubió Tudurí.,alta
Jose Rueda,Buenos Aires (Argentina),Escuela Nacional de Bellas Artes Manuel Belgrano; Escuela Nacional de Bellas Artes Prilidiano Pueyrredón; Escuela Superior de Bellas Artes Ernesto de la Cárcova,,https://www.hcdn.gob.ar/secgralpres/dcultura/museo/obras/artistas/Rueda-Jose/ | https://artedelaargentina.com/disciplinas/artista/grabado/jose-luis-rueda,https://www.hcdn.gob.ar/secgralpres/dcultura/museo/obras/artistas/Rueda-Jose/ | https://artedelaargentina.com/disciplinas/artista/grabado/jose-luis-rueda,,"A formação aparece em três escolas nacionais de belas-artes, sem datas precisas nas fontes consultadas.",media
William Scott,"Belfast, Reino Unido; Londres, Reino Unido",Belfast College of Art; Royal Academy Schools,c. 1931; c. 1935–1938,Tate; biografia institucional,Tate; biografia institucional,Tate; biografia institucional,datas aproximadas em parte,media
Johanan Simon,"Jerusalém, Israel",Bezalel School of Arts and Crafts,s.d.,fontes biográficas de referência,fontes biográficas de referência,fontes biográficas de referência,instituição identificada em biografias sumárias,media
Traugott Spiess,Suíça,estudos com Johannes Itten,,https://www.espacel.net/maill-seau/,https://www.espacel.net/maill-seau/,,"Fonte consultada identifica apenas formação com Johannes Itten, sem instituição explicitada.",baixa
Americo Sposito,"Montevidéu, Uruguai; Montevidéu, Uruguai; Montevidéu, Uruguai",escola italiana de Enzo Kabregú; Círculo de Bellas Artes de Montevideo; Taller Torres García,s.d.; s.d.; 1942,https://es.wikipedia.org/wiki/Am%C3%A9rico_Sp%C3%B3sito,https://es.wikipedia.org/wiki/Am%C3%A9rico_Sp%C3%B3sito,https://es.wikipedia.org/wiki/Am%C3%A9rico_Sp%C3%B3sito,,media
Everett Spruce,"Dallas, EUA",Dallas Art Institute,c. 1920s,fontes biográficas de referência,fontes biográficas de referência,fontes biográficas de referência,instituição identificada em biografias do regionalismo texano,media
Mladen Srbinović,"Belgrado, Sérvia","Academy of Fine Arts, Belgrade",c. 1940s–1950s,fontes biográficas de referência,fontes biográficas de referência,fontes biográficas de referência,,media
Charles Joseph Suares,"Alexandria, Egito; Paris, França",Victoria College; ateliês de Othon Friesz e André Lhote,até 1919; 1920s,https://fr.wikipedia.org/wiki/Charles_Suares,https://fr.wikipedia.org/wiki/Charles_Suares,https://fr.wikipedia.org/wiki/Charles_Suares,formação artística principal em ateliês em Paris,media
Peter Sussmann,"Buenos Aires, Argentina",Colegio Nacional Manuel Belgrano,até 1944,https://artedelaargentina.com.ar/disciplinas/artista/pintura/peter-sussmann,https://artedelaargentina.com.ar/disciplinas/artista/pintura/peter-sussmann,https://artedelaargentina.com.ar/disciplinas/artista/pintura/peter-sussmann,fonte confirma egresso do colegio; não localizei escola de arte formal,media
Graham Sutherland,"Londres, Reino Unido",Goldsmiths' College,1921–1926,Tate; biografia institucional,Tate; biografia institucional,Tate; biografia institucional,,alta
Antoni Tàpies,"Barcelona, Espanha; Barcelona, Espanha",German School of Barcelona; Universidade de Barcelona,1934–c. 1940s; 1943–1946,https://en.wikipedia.org/wiki/Antoni_T%C3%A0pies; https://www.britannica.com/biography/Antoni-Tapies,https://en.wikipedia.org/wiki/Antoni_T%C3%A0pies; https://www.britannica.com/biography/Antoni-Tapies,https://en.wikipedia.org/wiki/Antoni_T%C3%A0pies; https://www.britannica.com/biography/Antoni-Tapies,artista em grande parte autodidata; formação formal parcial localizada,media
David de Tewenoir,,,,,,,formação não localizada com segurança,
Mario Toral,"Paris, França",Beaux-Arts de Paris,,MAC_consolidado_normalized.csv / nationality_applied_dataset.csv,MAC_consolidado_normalized.csv / nationality_applied_dataset.csv,,dados recuperados de base auxiliar; datas não localizadas,alta
Hans Uhlmann,"Berlim, Alemanha",Vereinigte Staatsschulen für freie und angewandte Kunst,s.d.,fontes biográficas de referência,fontes biográficas de referência,fontes biográficas de referência,instituição identificada; datas não localizadas com precisão,baixa
Juan Ventayol,Montevidéu (Uruguai),Círculo Fomento de Bellas Artes; estudos com Guillermo Laborde,1933-1938,https://www.museos.gub.uy/arteactivo/artistas/item/ventayol-juan.html | https://www.catalogodasartes.com.br/artista/Juan%20Ventayol/,https://www.museos.gub.uy/arteactivo/artistas/item/ventayol-juan.html | https://www.catalogodasartes.com.br/artista/Juan%20Ventayol/,https://www.catalogodasartes.com.br/artista/Juan%20Ventayol/,,alta
Fritz Winter,"Dessau, Alemanha",Bauhaus,1927–1930,biografia institucional do artista; fontes de referência,biografia institucional do artista; fontes de referência,biografia institucional do artista; fontes de referência,,alta
Sada Yazima,,,,,,,formação não localizada com segurança,
Fábio Barbosa,Brasília; São Paulo,Universidade de Brasília (UnB); Universidade de São Paulo (USP),2009; sem data exata do mestrado na fonte recuperada,https://www.escavador.com/sobre/974574/fabio-barbosa-de-oliveira,https://www.escavador.com/sobre/974574/fabio-barbosa-de-oliveira,https://www.escavador.com/sobre/974574/fabio-barbosa-de-oliveira,Associado ao artista Fábio Baroli/Fábio Barbosa de Oliveira.,media
Paulo Becker,Rio de Janeiro (RJ),"Universidade Federal do Rio de Janeiro (UFRJ); formação com Turíbio Santos, Marco Pereira, Léo Soares e Nícolas Barros",violão clássico por 12 anos; sem datas exatas na fonte,https://acervo.casadochoro.com.br/cards/view/1641 | https://www.revistaprosaversoearte.com/casa-do-choro-ze-paulo-becker-e-fernando-leitzke/,https://acervo.casadochoro.com.br/cards/view/1641 | https://dicionariompb.com.br/artista/ze-paulo-becker/,https://acervo.casadochoro.com.br/cards/view/1641,"Tratado como o violonista Zé Paulo Becker, correspondente ao creator 'Paulo Becker'.",media
Flávio de Carvalho,"Newcastle, Inglaterra; Newcastle, Inglaterra","Armstrong College, Universidade de Durham; King Edward the Seventh School of Fine Arts",1918–1922; desde 1918,Enciclopédia Itaú Cultural,Enciclopédia Itaú Cultural,Enciclopédia Itaú Cultural,"há referência a estudos em Paris em 1911, mas a instituição não foi localizada com segurança nesta passada",alta
Genaro de Carvalho,"Salvador, Brasil",Escola de Belas Artes da Bahia,c. 1940s,fontes biográficas de referência,fontes biográficas de referência,fontes biográficas de referência,,media
Carybé,"Rio de Janeiro, Brasil",Escola Nacional de Belas Artes,1927–1929,Escritório de Arte; Wikipédia,Escritório de Arte; Wikipédia,Wikipédia,também completou estudos secundários no Rio de Janeiro,media
Lothar Charoux,"Viena, Áustria; São Paulo, Brasil; São Paulo, Brasil",estudos com Siegfried Charoux; Liceu de Artes e Ofícios; aulas com Waldemar da Costa,c. anos 1920; c. anos 1930; c. anos 1930–1940,Enciclopédia Itaú Cultural; Academia de Curadoria; Wikipedia,Enciclopédia Itaú Cultural; Academia de Curadoria; Wikipedia,Enciclopédia Itaú Cultural; Academia de Curadoria; Wikipedia,,media
Lygia Clark,"Rio de Janeiro, Brasil; Paris, França","aprendizado artístico com Roberto Burle Marx; estudos com Fernand Léger, Arpad Szenes e Isaac Dobrinsky",1947; 1950–1952,https://enciclopedia.itaucultural.org.br/pessoas/538-lygia-clark,https://enciclopedia.itaucultural.org.br/pessoas/538-lygia-clark,https://enciclopedia.itaucultural.org.br/pessoas/538-lygia-clark,,alta
Carmélio Cruz,Canindé (CE),formação com o mestre Jacinto de Souza,1935-1940,https://enciclopedia.itaucultural.org.br/pessoas/3411-carmelio-cruz | https://www.escritoriodearte.com/artista/carmelio-cruz,https://enciclopedia.itaucultural.org.br/pessoas/3411-carmelio-cruz | https://www.escritoriodearte.com/artista/carmelio-cruz,https://enciclopedia.itaucultural.org.br/pessoas/3411-carmelio-cruz,"Fonte registra aprendizado com mestre, não instituição formal.",media
Samson Flexor,"Bruxelas, Bélgica; Paris, França; Paris, França",Académie Royale des Beaux-Arts; École Nationale Supérieure des Beaux-Arts; Sorbonne,1922–1924; desde 1924; desde 1924,Enciclopédia Itaú Cultural,Enciclopédia Itaú Cultural,Enciclopédia Itaú Cultural,"fontes secundárias mencionam ainda academias Ranson e La Grande Chaumière, não consolidadas aqui para manter concisão",alta
Tikashi Fukushima,"Rio de Janeiro, Brasil",aprendizado/assistência com Tadashi Kaminagai,1946,Enciclopédia Itaú Cultural,Enciclopédia Itaú Cultural,Enciclopédia Itaú Cultural,instituição formal não localizada com segurança nesta passada,media
Emile Geissberger,"La Chaux-de-Fonds, Suíça",École d’Art de La Chaux-de-Fonds,s.d.,fontes biográficas de referência,fontes biográficas de referência,fontes biográficas de referência,instituição identificada em fontes secundárias,baixa
Luciano Gregory,Brasil,"formação teatral com Sérgio Cardoso, Augusto Boal e Abílio Pereira de Almeida",,https://www.tvsaudades.com.br/item/2596/luciano-gregory-anos/details?pageType=search | https://www.museudatv.com.br/biografia/luciano-gregory/,https://www.tvsaudades.com.br/item/2596/luciano-gregory-anos/details?pageType=search | https://www.museudatv.com.br/biografia/luciano-gregory/,,"A formação aberta recuperável é por mentores teatrais, sem escola formal identificada.",baixa
Johann Gutlich,Roterdã (Países Baixos),Academia de Arte de Roterdã; estudos com Henk Chabot,1935-1940,https://enciclopedia.itaucultural.org.br/pessoas/3646-johann-gutlich | https://pt.wikipedia.org/wiki/Johann_Gutlich,https://enciclopedia.itaucultural.org.br/pessoas/3646-johann-gutlich | https://pt.wikipedia.org/wiki/Johann_Gutlich,https://enciclopedia.itaucultural.org.br/pessoas/3646-johann-gutlich | https://pt.wikipedia.org/wiki/Johann_Gutlich,,alta
Lisa Ficker Hoffmann,,,,,,,formação não localizada com segurança,
Arcangelo Ianelli,"São Paulo, Brasil; São Paulo, Brasil",Associação Paulista de Belas Artes; estudos com Colette Pujol,1940; 1942,https://www.guiadasartes.com.br/arcangelo-ianelli/biografia; https://blombo.com/artistas/arcangelo-ianelli,https://www.guiadasartes.com.br/arcangelo-ianelli/biografia; https://blombo.com/artistas/arcangelo-ianelli,https://www.guiadasartes.com.br/arcangelo-ianelli/biografia,Formação inicial combinou associação artística e orientação de ateliê.,alta
Frans Krajcberg,"Leningrado; Stuttgart, Alemanha",Universidade de Leningrado; Academia de Belas Artes de Stuttgart,,Enciclopédia Itaú Cultural; Jornal da USP,Enciclopédia Itaú Cultural; Jornal da USP,,datas de estudo não localizadas com precisão nesta passada,media
Heinz Kühn,"Berlim, Alemanha",formação artística em Berlim (instituição não especificada na fonte),antes de 1950,https://galeriadearte.art.br/artista/heinz-kuhn/ | https://blombo.com/artistas/heinz-kuhn,,,A fonte apenas informa que seu período de formação artística se deu em Berlim.,baixa
Maria Leontina,"São Paulo, Brasil; São Paulo, Brasil; Rio de Janeiro, Brasil; Rio de Janeiro, Brasil",aulas de desenho com Antônio Covello; estudos de pintura com Waldemar da Costa; ateliê de Bruno Giorgi; Museu Histórico Nacional,1938; c. 1940s; 1946; 1946–1948,Enciclopédia Itaú Cultural; Galeria Ipanema,Enciclopédia Itaú Cultural; Galeria Ipanema,Galeria Ipanema,,media
Antônio Lizárraga,"Cidade do México, México",Academia de San Carlos; Escola Nacional de Artes Plásticas,,https://livroresumido.com.br/2024/02/18/antonio-lizarraga-quadrados-em-quadrados-maria-jose-spiteri/,https://livroresumido.com.br/2024/02/18/antonio-lizarraga-quadrados-em-quadrados-maria-jose-spiteri/,,formação localizada em fonte secundária; datas não confirmadas em fonte institucional,baixa
Scipião Mandira,"Salvador, Brasil",,s.d.,fontes biográficas de referência,fontes biográficas de referência,fontes biográficas de referência,artista autodidata; sem escola formal localizada,baixa
Yolanda Mohalyi,"Budapeste, Hungria",Real Academia de Belas-Artes,,Wikipédia,Wikipédia,,em 1935 estuda com Lasar Segall em São Paulo; datas da formação acadêmica não localizadas com precisão,media
Tomie Ohtake,"São Paulo, Brasil",estudos com Keisuke Sugano,1952,https://pt.wikipedia.org/wiki/Tomie_Ohtake,https://pt.wikipedia.org/wiki/Tomie_Ohtake,https://pt.wikipedia.org/wiki/Tomie_Ohtake,"formação localizada por mestre/ateliê, sem instituição formal identificada",media
Jayme Batista Paiva,Formação autodidata,,,https://www.dgabc.com.br/Noticia/3706442/jayme-paiva-o-leonardo-do-curuca,,,A fonte qualifica o artista explicitamente como autodidata.,media
Raul Porto,Campinas (SP),,,https://www.catalogodasartes.com.br/artista/Raul%20Porto/,,,"A fonte consultada descreve trajetória autodidata, sem instituição formal identificada.",baixa
Heitor dos Prazeres,"Rio de Janeiro, Brasil",,c. 1937,https://36.bienal.org.br/artista/heitor-dos-prazeres/,,https://36.bienal.org.br/artista/heitor-dos-prazeres/,formação autodidata em pintura; sem escola formal localizada,media
João Garboggni Quaglia,"São Paulo, Brasil",Liceu de Artes e Ofícios de São Paulo,c. 1920s,fontes biográficas de referência,fontes biográficas de referência,fontes biográficas de referência,instituição identificada; datas aproximadas,media
Luiz Sacilotto,"São Paulo, Brasil; São Paulo, Brasil",Escola Profissional Masculina do Brás; Associação Brasileira de Belas Artes,1938–1943; 1944–1947,Enciclopédia Itaú Cultural,Enciclopédia Itaú Cultural,Enciclopédia Itaú Cultural,,alta
Ivan Serpa,"Rio de Janeiro, Brasil","estudos de pintura, gravura e desenho com Axl Leskoschek",1946–1948,IAC Online,IAC Online,IAC Online,,media
Elisa Martins da Silveira,"Porto Alegre, Brasil",,s.d.,fontes biográficas de referência,fontes biográficas de referência,fontes biográficas de referência,artista descrita como autodidata ou de formação não institucional claramente localizada,baixa
Caciporé Torres,Paris,Université de Paris (Sorbonne),1956–1959,Wikipédia,Wikipédia,Wikipédia,cursos de História da Arte e Civilização Francesa,media
Rubem Valentim,"Salvador, Brasil; Salvador, Brasil",Universidade Federal da Bahia; Faculdade de Filosofia e Ciências Humanas da Universidade Federal da Bahia,1946; 1953,Governo da Bahia; Wikipédia,Governo da Bahia; Wikipédia,Governo da Bahia; Wikipédia,"na pintura, autodidata",media
Hilde Weber,"Berlim, Alemanha",Kunstgewerbeschule Berlin,s.d.,fontes biográficas de referência,fontes biográficas de referência,fontes biográficas de referência,instituição identificada; datas não localizadas com precisão,baixa
Alexandre Wollner,"São Paulo, Brasil; Ulm, Alemanha",Instituto de Arte Contemporânea do Museu de Arte de São Paulo; Hochschule für Gestaltung Ulm,,https://pt.wikipedia.org/wiki/Alexandre_Wollner; https://enciclopedia.itaucultural.org.br/instituicoes/75180-hochschule-fur-gestaltung-ulm-hfg,https://pt.wikipedia.org/wiki/Alexandre_Wollner; https://enciclopedia.itaucultural.org.br/instituicoes/75180-hochschule-fur-gestaltung-ulm-hfg,,instituições identificadas; datas não localizadas,media
René Portocarrero,"Havana, Cuba",Academia de San Alejandro,"breve frequência, s.d.",Wikipedia / fontes biográficas de referência,Wikipedia / fontes biográficas de referência,Wikipedia / fontes biográficas de referência,artista amplamente descrito como majoritariamente autodidata,media
Raul Milian,"Havana, Cuba",Academia de San Alejandro,s.d.,fontes biográficas de referência,fontes biográficas de referência,fontes biográficas de referência,instituição identificada; datas não localizadas com precisão,baixa
Míriam Chiaverini,Salvador,Escola de Belas Artes da Universidade da Bahia,,https://coleccionfemsa.com/artistas/miriam-chiaverini/ | https://enciclopedia.itaucultural.org.br/pessoas/6125-miriam-chiaverini,https://coleccionfemsa.com/artistas/miriam-chiaverini/ | https://enciclopedia.itaucultural.org.br/pessoas/6125-miriam-chiaverini,,"Fonte aberta consultada informa formação na Escola de Belas Artes da Universidade da Bahia, sob tutela de Mario Cravo e Henrique Oswald, sem cronologia detalhada.",media
Bin Kondo,"Tóquio, Japão",Tokyo University of the Arts,s.d.,fontes biográficas de referência,fontes biográficas de referência,fontes biográficas de referência,instituição identificada em fontes secundárias,baixa
Tomoshige Kusuno,"Tóquio, Japão",Tokyo School of Fine Arts,s.d.,fontes biográficas de referência,fontes biográficas de referência,fontes biográficas de referência,instituição identificada em fontes secundárias,baixa
Geraldo Trindade Leal,Porto Alegre; Bahia,cursos livres no Instituto de Belas Artes de Porto Alegre; ateliê de Mário Cravo Júnior,1947 em diante; sem datas completas na fonte,https://pt.wikipedia.org/wiki/Geraldo_Trindade_Leal | https://aplicacoes.fcc.sc.gov.br/wpmasc/artista/geraldo-trindade-leal/ | https://www.correiodopovo.com.br/arteagenda/um-olhar-sobre-o-modernista-trindade-leal-1.1594584,https://pt.wikipedia.org/wiki/Geraldo_Trindade_Leal | https://aplicacoes.fcc.sc.gov.br/wpmasc/artista/geraldo-trindade-leal/,https://pt.wikipedia.org/wiki/Geraldo_Trindade_Leal,As fontes também caracterizam sua formação inicial como autodidata.,media
Odilla Mestriner,"Ribeirão Preto, Brasil",Escola Municipal de Belas Artes de Ribeirão Preto,1955–1956,https://enciclopedia.itaucultural.org.br/pessoas/2074-odilla-mestriner,https://enciclopedia.itaucultural.org.br/pessoas/2074-odilla-mestriner,https://enciclopedia.itaucultural.org.br/pessoas/2074-odilla-mestriner,aluna de Domenico Lazzarini,alta
Whanki Kim,"Tóquio, Japão; Tóquio, Japão",Nihon University; Avant-Garde Western Painting Institute,1933–1936; c. 1934–1936,https://en.wikipedia.org/wiki/Whanki_Kim,https://en.wikipedia.org/wiki/Whanki_Kim,https://en.wikipedia.org/wiki/Whanki_Kim,"ingressa no programa de artes da Nihon University e, no segundo ano, junta-se ao instituto de pintura de vanguarda",media
Flávio-Shiró,"São Paulo, Brasil; Paris, França",Escola Profissional Getúlio Vargas; École Nationale des Beaux-Arts,1942; a partir de 1953,https://flavioshiro.com/pt/biografia/,https://flavioshiro.com/pt/biografia/,https://flavioshiro.com/pt/biografia/,em Paris estuda gravura e litografia,alta
Ricardo Martínez,"Cidade do México, México",Escuela Nacional de Artes Plásticas,c. 1930s,fontes biográficas de referência,fontes biográficas de referência,fontes biográficas de referência,instituição identificada; datas aproximadas,media
Marta Peluffo,"Buenos Aires, Argentina",Escuela Nacional de Bellas Artes Prilidiano Pueyrredón,c. 1940s,fontes biográficas de referência,fontes biográficas de referência,fontes biográficas de referência,instituição identificada; datas aproximadas,media
Jesús Rafael Soto,"Caracas, Venezuela",Escuela de Artes Plásticas y Aplicadas,1942–1947,https://www.guiadasartes.com.br/jesus-rafael-soto/obras-e-biografia,https://www.guiadasartes.com.br/jesus-rafael-soto/obras-e-biografia,https://www.guiadasartes.com.br/jesus-rafael-soto/obras-e-biografia,,alta
Wega Nery,"São Paulo, Brasil; São Paulo, Brasil",Escola de Belas Artes de São Paulo; Atelier-Abstração de Samson Flexor,1946–1949; s.d.,https://www.guiadasartes.com.br/wega-nery-gomes-pinto/obras-e-biografia,https://www.guiadasartes.com.br/wega-nery-gomes-pinto/obras-e-biografia,https://www.guiadasartes.com.br/wega-nery-gomes-pinto/obras-e-biografia,,media
Yutaka Toyota,"Tóquio, Japão",Universidade de Arte de Tóquio,início da década de 1950,https://www.escritoriodearte.com/artista/yutaka-toyota,https://www.escritoriodearte.com/artista/yutaka-toyota,https://www.escritoriodearte.com/artista/yutaka-toyota,,alta
Shoichiro Mori,"Tóquio, Japão",Waseda University,s.d.,Enciclopédia Itaú Cultural / bases auxiliares,Enciclopédia Itaú Cultural / bases auxiliares,Enciclopédia Itaú Cultural / bases auxiliares,,alta
Pierre Alechinsky,"Bruxelas, Bélgica",École nationale supérieure des arts visuels de La Cambre,,place_of_birth_tiered_dataset.csv,place_of_birth_tiered_dataset.csv,,dados recuperados de base auxiliar; datas não localizadas,alta
Antonio Henrique Amaral,"São Paulo, Brasil; São Paulo, Brasil; Nova Iorque, Estados Unidos",Escola do Museu de Arte de São Paulo (MASP); Museu de Arte Moderna de São Paulo (MAM/SP); Pratt Graphic Institute,1952; 1956; 1959,https://pt.wikipedia.org/wiki/Antonio_Henrique_do_Amaral; https://blombo.com/artistas/antonio-henrique-amaral; https://www.acervo.sp.gov.br/ObrasAudioteca/AntonioAmaral,https://pt.wikipedia.org/wiki/Antonio_Henrique_do_Amaral; https://blombo.com/artistas/antonio-henrique-amaral,https://blombo.com/artistas/antonio-henrique-amaral,"Fontes convergem para formação no MASP, MAM/SP e Pratt Graphic Institute.",alta
Alan Davie,"Edimburgo, Escócia",Edinburgh College of Art,1937–1941,https://en.wikipedia.org/wiki/Alan_Davie; https://gulbenkian.pt/cam/artist/alan-davie/,https://en.wikipedia.org/wiki/Alan_Davie; https://gulbenkian.pt/cam/artist/alan-davie/,https://en.wikipedia.org/wiki/Alan_Davie,As fontes convergem para Edinburgh College of Art.,alta
José Gamarra,"Montevidéu, Uruguai; Rio de Janeiro, Brasil; Rio de Janeiro, Brasil",School of Fine Arts of Montevideo; Museum of Modern Art in Rio de Janeiro; Institute of Fine Arts in Praia Vermelha,s.d.; 1959; 1959,https://www.josegamarra.org/en/biography/,https://www.josegamarra.org/en/biography/,https://www.josegamarra.org/en/biography/,em 1959 realiza estudos de gravura no Rio com bolsa Itamarati,alta
Zbigniew Makowski,"Varsóvia, Polônia",Academy of Fine Arts in Warsaw,1950–1956,https://en.wikipedia.org/wiki/Zbigniew_Makowski,https://en.wikipedia.org/wiki/Zbigniew_Makowski,https://en.wikipedia.org/wiki/Zbigniew_Makowski,,media
Yo Yoshitome,"Tóquio, Japão; Tóquio, Japão",Escola de Navegação; Escola de Belas Artes de Tóquio,década de 1940; década de 1940,https://enciclopedia.itaucultural.org.br/pessoas/6124-yo-yoshitome,https://enciclopedia.itaucultural.org.br/pessoas/6124-yo-yoshitome,https://enciclopedia.itaucultural.org.br/pessoas/6124-yo-yoshitome,,alta
Arthur Luiz Piza,"São Paulo, Brasil",ateliê de Antonio Gomide,1943,https://www.guiadasartes.com.br/arthur-luiz-piza/biografia; https://www.arthur-luiz-piza.com/biographie/?lang=pt-br,https://www.guiadasartes.com.br/arthur-luiz-piza/biografia; https://www.arthur-luiz-piza.com/biographie/?lang=pt-br,https://www.guiadasartes.com.br/arthur-luiz-piza/biografia,"A formação registrada nas fontes consultadas é de ateliê, não escolar formal.",media
Vilma Pasqualini,"Buenos Aires, Argentina",Escuela Nacional de Bellas Artes,s.d.,fontes biográficas de referência,fontes biográficas de referência,fontes biográficas de referência,instituição identificada; datas não localizadas com precisão,baixa
Jagobo Pan,"Barcelona, Espanha",Liceu de Barcelona,,Campos do Jordão Cultura,Campos do Jordão Cultura,,"instituição identificada, datas não localizadas",media
Wesley Duke Lee,"São Paulo, Brasil; Nova York, EUA; Nova York, EUA; Paris, França",curso de desenho livre do MASP; Parsons School of Design; American Institute of Graphic Arts; Académie de la Grande Chaumière,1951; 1952–1955; 1952–1955; ,https://pt.wikipedia.org/wiki/Wesley_Duke_Lee; https://enciclopedia.itaucultural.org.br/pessoas/892-wesley-duke-lee,https://pt.wikipedia.org/wiki/Wesley_Duke_Lee; https://enciclopedia.itaucultural.org.br/pessoas/892-wesley-duke-lee,https://pt.wikipedia.org/wiki/Wesley_Duke_Lee,formação em Paris identificada sem data precisa localizada,media
Maria Carmen,Rio de Janeiro (RJ); Recife (PE),estudos de escultura com Humberto Cozzo; curso de desenho com Abelardo da Hora,1959-1961; 1962,https://enciclopedia.itaucultural.org.br/pessoas/3427-maria-carmen | https://sites.google.com/recife.pe.gov.br/elaspintam-7/as-artistas/1%C2%AA-temporada/maria-carmen,https://enciclopedia.itaucultural.org.br/pessoas/3427-maria-carmen | https://sites.google.com/recife.pe.gov.br/elaspintam-7/as-artistas/1%C2%AA-temporada/maria-carmen,https://enciclopedia.itaucultural.org.br/pessoas/3427-maria-carmen | https://sites.google.com/recife.pe.gov.br/elaspintam-7/as-artistas/1%C2%AA-temporada/maria-carmen,"A formação documentada aparece por mestres e cursos livres, não por instituição única.",media
Silvano Vescovi,"Veneza, Itália",Accademia di Belle Arti di Venezia,s.d.,fontes biográficas de referência,fontes biográficas de referência,fontes biográficas de referência,instituição identificada; datas não localizadas com precisão,media
Rubens Gerchman,"Rio de Janeiro, Brasil; Rio de Janeiro, Brasil",Liceu de Artes e Ofícios do Rio de Janeiro; Escola Nacional de Belas Artes,1957–1958; 1960–1961,https://pt.wikipedia.org/wiki/Rubens_Gerchman,https://pt.wikipedia.org/wiki/Rubens_Gerchman,https://pt.wikipedia.org/wiki/Rubens_Gerchman,na Escola Nacional de Belas Artes estuda xilogravura com Adir Botelho,alta
Nelson Leirner,"Massachusetts, EUA; São Paulo, Brasil; São Paulo, Brasil",Lowell Technological Institute; aulas de pintura com Joan Ponç; Ateliê Abstração / Samson Flexor,1947–1952; 1956; 1958,https://www.saudeemmovimento.com.br/sites/nelsonleirner/portu/biografia.asp,https://www.saudeemmovimento.com.br/sites/nelsonleirner/portu/biografia.asp,https://www.saudeemmovimento.com.br/sites/nelsonleirner/portu/biografia.asp,curso de engenharia têxtil não concluído; formação artística complementar com Joan Ponç e Samson Flexor,alta
Macline,,,,,,,identificação incompleta; não foi possível desambiguar com segurança,
Manuel Calvo,"Montevidéu, Uruguai",Círculo de Bellas Artes,s.d.,fontes biográficas de referência,fontes biográficas de referência,fontes biográficas de referência,instituição identificada em fontes secundárias,baixa
Iberê Camargo,"Santa Maria, Brasil; Rio de Janeiro, Brasil; Roma, Itália; Paris, França",Escola de Artes e Ofícios de Santa Maria; Escola Nacional de Belas-Artes / curso livre de Alberto da Veiga Guignard; estudos com Giorgio de Chirico e Carlo Alberto Petrucci; Academia André Lhote,; 1942; 1948–1949; 1949–1950,https://enciclopedia.itaucultural.org.br/pessoas/543-ibere-camargo; https://pt.wikipedia.org/wiki/Iber%C3%AA_Camargo,https://enciclopedia.itaucultural.org.br/pessoas/543-ibere-camargo; https://pt.wikipedia.org/wiki/Iber%C3%AA_Camargo,https://pt.wikipedia.org/wiki/Iber%C3%AA_Camargo,primeira formação em Santa Maria sem data precisa localizada,media
Antonio Dias,"Rio de Janeiro, Brasil",Atelier Livre de Gravura da Escola Nacional de Belas Artes,,https://pt.wikipedia.org/wiki/Antonio_Manuel_Lima_Dias,https://pt.wikipedia.org/wiki/Antonio_Manuel_Lima_Dias,,instituição identificada; datas não localizadas,media
José Rodrigues,"Porto, Portugal",Escola Superior de Belas-Artes do Porto,s.d.,fontes biográficas de referência,fontes biográficas de referência,fontes biográficas de referência,instituição identificada em biografias sumárias,media
Norha Beltran,Europa; Brasil; Viena,"Academia de Belas Artes (Viena) e outras academias de belas-artes na Bolívia, Áustria, Espanha e Brasil; estudos de Museologia e Psicologia no Brasil",sem datas exatas; referência específica a Viena,https://www.catalogodasartes.com.br/artista/Norha%20Beltr%EF%BF%BDn/ | https://www.museonacionaldearte.gob.bo/2023/10/11/norah-beltran/,https://www.catalogodasartes.com.br/artista/Norha%20Beltr%EF%BF%BDn/ | https://www.museonacionaldearte.gob.bo/2023/10/11/norah-beltran/ | https://www.guiadasartes.com.br/norha-beltran/obras-principais,,"As fontes confirmam formação em várias academias, mas sem cronologia fina; mantida formulação prudente.",baixa
Jef Golyscheff,Odessa; Berlim,"Escola de Belas Artes de Odessa; classe de composição e teoria musical de Ferruccio Busoni, em Berlim",primeira década do século XX; 1909,https://enciclopedia.itaucultural.org.br/pessoas/2139-jef-golyscheff | https://fr.wikipedia.org/wiki/Jefim_Golyscheff,https://enciclopedia.itaucultural.org.br/pessoas/2139-jef-golyscheff | https://fr.wikipedia.org/wiki/Jefim_Golyscheff,https://enciclopedia.itaucultural.org.br/pessoas/2139-jef-golyscheff | https://fr.wikipedia.org/wiki/Jefim_Golyscheff,A fonte de Itaú Cultural é suficientemente específica para pintura em Odessa e estudo musical em Berlim.,alta
Eli Heil,"Blumenau, Brasil",,,fontes biográficas de referência,,,artista autodidata; sem escola formal localizada,media
Waldemar Cordeiro,"Roma, Itália; Roma, Itália",Liceo Tasso; Accademia di Belle Arti di Roma,,https://pt.wikipedia.org/wiki/Waldemar_Cordeiro,https://pt.wikipedia.org/wiki/Waldemar_Cordeiro,,formação artística identificada; datas precisas não localizadas,media
Hermelindo Fiaminghi,"São Paulo, Brasil; São Paulo, Brasil",Liceu de Artes e Ofícios de São Paulo; Associação Paulista de Belas Artes,1936–1941; 1942,https://pt.wikipedia.org/wiki/Hermelindo_Fiaminghi,https://pt.wikipedia.org/wiki/Hermelindo_Fiaminghi,https://pt.wikipedia.org/wiki/Hermelindo_Fiaminghi,também estuda publicidade na Associação Paulista de Propaganda,alta
Maurício Nogueira Lima,"Porto Alegre, Brasil; São Paulo, Brasil",Instituto de Belas Artes da UFRGS; Instituto de Arte Contemporânea do MASP,1947–1950; 1951,https://www.escritoriodearte.com/artista/mauricio-nogueira-lima,https://www.escritoriodearte.com/artista/mauricio-nogueira-lima,https://www.escritoriodearte.com/artista/mauricio-nogueira-lima,"na volta a São Paulo frequenta cursos de comunicação visual, desenho industrial e propaganda no IAC/MASP",alta
Hissao Sakakibara,"Tóquio, Japão",Tokyo School of Fine Arts,s.d.,fontes biográficas de referência,fontes biográficas de referência,fontes biográficas de referência,instituição identificada em fontes sumárias,baixa
Leonello Berti,Florença,Academia de Belas Artes de Florença,desde cedo; sem ano exato inicial/final,https://plataformaverri.com.br/?bib=1&idBook=1540&idCategory=8&idCity=24&letter=R&local=book | https://museudigital.odillamestriner.com.br/wp-content/uploads/tainacan-items/6750/9273/p26-m1.pdf,https://plataformaverri.com.br/?bib=1&idBook=1540&idCategory=8&idCity=24&letter=R&local=book | https://museudigital.odillamestriner.com.br/wp-content/uploads/tainacan-items/6750/9273/p26-m1.pdf,,As fontes citam trabalho prolongado com Ottone Rosai como mestre.,media
Ismael Nery,"Rio de Janeiro, Brasil; Paris, França",Escola Nacional de Belas Artes; Académie Julian,1917; 1920,Wikipédia; eBiografia,Wikipédia; eBiografia,Wikipédia; eBiografia,,media
Lasar Segall,"Berlim, Alemanha; Berlim, Alemanha",Escola de Artes Aplicadas; Academia Imperial de Belas Artes,1906; 1906,Enciclopédia Itaú Cultural,Enciclopédia Itaú Cultural,Enciclopédia Itaú Cultural,inicia estudos de arte na Lituânia em 1905; instituição não identificada,media
Jorge Paez Vilaró,Montevidéu e América Latina,formação autodidata,sem data exata na fonte,https://en.wikipedia.org/wiki/Jorge_P%C3%A1ez_Vilar%C3%B3 | https://arteenloprofundo.blogspot.com/p/jorge-paez-vilaro.html,,,A fonte indica ausência de formação artística formal e aperfeiçoamento por viagens e contatos artísticos.,media
Ubirajara Ribeiro,São Paulo; Salvador; Paris,"Universidade Mackenzie; curso livre de gravura na Escola de Belas Artes da Universidade da Bahia; estudos com Vicente Mecozzi, Pedro Corona, João Rossi e Waldemar da Costa",1948; 1952-1954; 1954; 1956; bolsa em 1960,https://www.escritoriodearte.com/artista/ubirajara-ribeiro | https://www.glatt.com.br/artistas/ubirajara-ribeiro,https://www.escritoriodearte.com/artista/ubirajara-ribeiro | https://www.glatt.com.br/artistas/ubirajara-ribeiro | https://fvcb.com.br/acervo/artista/ubirajara-ribeiro/,https://www.escritoriodearte.com/artista/ubirajara-ribeiro | https://www.glatt.com.br/artistas/ubirajara-ribeiro | https://fvcb.com.br/acervo/artista/ubirajara-ribeiro/,"A formação combina estudos com artistas, graduação em arquitetura e curso livre de gravura.",alta
Sara Ávila,Belo Horizonte,Escola de Belas Artes de Belo Horizonte / atual Escola Guignard-UEMG,1953-1955,https://www.guiadasartes.com.br/sara-avila-de-oliveira/artista | https://www.escritoriodearte.com/artista/sara-avila-de-oliveira,https://www.guiadasartes.com.br/sara-avila-de-oliveira/artista | https://www.escritoriodearte.com/artista/sara-avila-de-oliveira,https://www.guiadasartes.com.br/sara-avila-de-oliveira/artista | https://www.escritoriodearte.com/artista/sara-avila-de-oliveira,"Também aparecem aulas com Guignard, Franz Weissmann, Anna Letycia e Quaglia.",alta
Walter Lewy,"Dortmund, Alemanha",Escola de Artes e Ofícios de Dortmund,1923–1927,https://pt.wikipedia.org/wiki/Walter_Lewy,https://pt.wikipedia.org/wiki/Walter_Lewy,https://pt.wikipedia.org/wiki/Walter_Lewy,,alta
Vicente do Rego Monteiro,"Rio de Janeiro, Brasil; Paris, França",Escola Nacional de Belas Artes; Academia Julian,1908; 1911–1914,Wikipédia,Wikipédia,Wikipédia,fontes secundárias mencionam também Académie Colarossi e Académie de la Grande Chaumière,media
Lucio Fontana,"Milão, Itália",Brera Academy,,MAC_consolidado_normalized.csv / nationality_progress_update.csv,MAC_consolidado_normalized.csv / nationality_progress_update.csv,,dados recuperados de base auxiliar; datas não localizadas,alta
Hans Hartung,"Leipzig, Alemanha; Leipzig, Alemanha; Dresden, Alemanha; Munique, Alemanha",Universidade de Leipzig; escolas de arte em Leipzig; escolas de arte em Dresden; escolas de arte em Munique,s.d.; s.d.; s.d.; s.d.,https://www.oexplorador.com.br/hans-hartung-foi-um-pioneiro-da-pintura-abstrata-europeia-uma-figura-proeminente-no-mundo-da-arte-parisiense-de-1945-em-diante-e-o-vencedor-em-1960-do-grande-premio-na-bienal-de-veneza-autodidata-c/,https://www.oexplorador.com.br/hans-hartung-foi-um-pioneiro-da-pintura-abstrata-europeia-uma-figura-proeminente-no-mundo-da-arte-parisiense-de-1945-em-diante-e-o-vencedor-em-1960-do-grande-premio-na-bienal-de-veneza-autodidata-c/,https://www.oexplorador.com.br/hans-hartung-foi-um-pioneiro-da-pintura-abstrata-europeia-uma-figura-proeminente-no-mundo-da-arte-parisiense-de-1945-em-diante-e-o-vencedor-em-1960-do-grande-premio-na-bienal-de-veneza-autodidata-c/,fonte secundária; instituições específicas não detalhadas,baixa
Paul Jenkins,"Kansas City, EUA; Cleveland, EUA; Nova York, EUA",Kansas Art Institute; Cleveland Play House; Art Students League of New York,1937–1942; s.d.; 1948–1952,https://en.wikipedia.org/wiki/Paul_Jenkins_%28painter%29,https://en.wikipedia.org/wiki/Paul_Jenkins_%28painter%29,https://en.wikipedia.org/wiki/Paul_Jenkins_%28painter%29,na Art Students League estuda com Yasuo Kuniyoshi,media
Juan Langlois,"Santiago, Chile",Escuela de Bellas Artes de la Universidad de Chile,s.d.,fontes biográficas de referência,fontes biográficas de referência,fontes biográficas de referência,instituição identificada em biografias sumárias,baixa
Pierre Soulages,"Montpellier, França",Montpellier Fine Arts School,,place_of_birth_tiered_dataset.csv,place_of_birth_tiered_dataset.csv,,dados recuperados de base auxiliar; datas não localizadas,alta
Kazuo Wakabayashi,"Hikone, Shiga, Japão; Tóquio, Japão; Tóquio, Japão",Escola Técnica de Hikone; Escola de Belas Artes; Academia Niki,1944; 1947–1950; 1947–1950,https://enciclopedia.itaucultural.org.br/pessoas/1011-wakabayashi,https://enciclopedia.itaucultural.org.br/pessoas/1011-wakabayashi,https://enciclopedia.itaucultural.org.br/pessoas/1011-wakabayashi,também frequenta aulas de desenho e pintura de Kanosuke Tamura,alta
Ramon Vergara Grez,"Santiago, Chile",Escuela de Bellas Artes de la Universidad de Chile,c. 1940s,fontes biográficas de referência,fontes biográficas de referência,fontes biográficas de referência,instituição identificada; datas aproximadas,baixa
Antônio Guimarães,"Lisboa, Portugal; Lisboa, Portugal",Escola de Artes Decorativas António Arroio; Escola Superior de Belas Artes,,Art Book - Catálogo Internacional de Artes,Art Book - Catálogo Internacional de Artes,,"instituições identificadas, datas não localizadas",media
Cybèle Varela,"Rio de Janeiro, RJ; Paris, França",Museu de Arte Moderna do Rio de Janeiro; École du Louvre; École des Hautes Études-Sorbonne,1962–1966; 1968; 1971,https://cybelevarela.com/pt-br/biografia/ ; https://enciclopedia.itaucultural.org.br/pessoas/2209-cybele-varela,https://cybelevarela.com/pt-br/biografia/ ; https://enciclopedia.itaucultural.org.br/pessoas/2209-cybele-varela,https://cybelevarela.com/pt-br/biografia/,as fontes tratam os períodos em Paris como bolsas de estudo em história da arte,alta
Shinzo Adachi,"Tóquio, Japão",Tokyo School of Fine Arts,s.d.,fontes biográficas de referência,fontes biográficas de referência,fontes biográficas de referência,instituição identificada em fontes sumárias,baixa
Masao Kodama,,,,,,,formação não localizada com segurança,
Tatsuoki Nambata,"Tóquio, Japão",Tokyo School of Fine Arts,s.d.,fontes biográficas de referência,fontes biográficas de referência,fontes biográficas de referência,instituição identificada em fontes sumárias,baixa
Tadahiro Ono,"Kyoto, Japão",Ritsumeikan University,,place_of_birth_tiered_dataset.csv,place_of_birth_tiered_dataset.csv,,dados recuperados de base auxiliar; datas não localizadas,alta
Wani Soruku,,,,,,,formação não localizada com segurança,
Francisco Domingos da Silva,"Fortaleza, Brasil",,,fontes biográficas de referência,,,artista frequentemente descrito como autodidata; sem escola formal localizada,media
Bernardo Cid,"Lisboa, Portugal",Escola Superior de Belas-Artes de Lisboa,s.d.,fontes biográficas de referência,fontes biográficas de referência,fontes biográficas de referência,instituição identificada em biografias sumárias,baixa
Fernando Lion,,,,,,,formação não localizada com segurança,
Terezinha Veloso,"Belo Horizonte, Brasil",Escola de Belas Artes da UFMG,,https://pt.wikipedia.org/wiki/Terezinha_Veloso,https://pt.wikipedia.org/wiki/Terezinha_Veloso,,a fonte indica que se formou em artes plásticas na EBA/UFMG,media
Amália Pasqualina Fernandes Filha,"Porto Alegre, Brasil",Instituto de Artes da UFRGS,s.d.,fontes biográficas de referência,fontes biográficas de referência,fontes biográficas de referência,instituição identificada em fontes sumárias,baixa
Humberto Espíndola,"Rio de Janeiro, Brasil",Escola Nacional de Belas Artes,c. 1960s,fontes biográficas de referência,fontes biográficas de referência,fontes biográficas de referência,instituição identificada em biografias sumárias,baixa
Josef Albers,"Berlim, Alemanha; Essen, Alemanha; Munique, Alemanha; Weimar, Alemanha","Königliche Kunstschule; Kunstgewerbschule; Royal Academy of Fine Arts, Munich; Bauhaus",1913–1915; 1916–1919; 1919–1920; 1920,https://bauhauskooperation.com/wissen/das-bauhaus/koepfe/biografien/biografie-detail/person-12,https://bauhauskooperation.com/wissen/das-bauhaus/koepfe/biografien/biografie-detail/person-12,https://bauhauskooperation.com/wissen/das-bauhaus/koepfe/biografien/biografie-detail/person-12,formação artística e de professor antes da entrada no Bauhaus,alta
Marcelo Bonevardi,"Buenos Aires, Argentina",Escuela Nacional de Bellas Artes Prilidiano Pueyrredón,s.d.,fontes biográficas de referência,fontes biográficas de referência,fontes biográficas de referência,instituição identificada em fontes sumárias,baixa
Camille Graeser,"Stuttgart, Alemanha",Königliche Kunstgewerbeschule,1911,https://legacy.vonbartha.com/artists/camille-graeser/,https://legacy.vonbartha.com/artists/camille-graeser/,https://legacy.vonbartha.com/artists/camille-graeser/,Curso identificado como mobiliário e design de interiores.,alta
Kozo Mio,"Kyoto, Japão",Kyoto Municipal School of Painting,s.d.,fontes biográficas de referência,fontes biográficas de referência,fontes biográficas de referência,instituição identificada em fontes sumárias,baixa
Oswaldo Goeldi,"Zurique, Suíça; Genebra, Suíça",Escola Politécnica de Zurique; École des Arts et Métiers,1914–1917; 1917,https://pt.wikipedia.org/wiki/Oswaldo_Goeldi,https://pt.wikipedia.org/wiki/Oswaldo_Goeldi,https://pt.wikipedia.org/wiki/Oswaldo_Goeldi,abandona engenharia e passa por seis meses na Escola de Artes e Ofícios de Genebra,alta
Carmela Gross,São Paulo,Fundação Armando Álvares Penteado (FAAP),até 1969,Wikipédia; Enciclopédia Itaú Cultural,Wikipédia; Enciclopédia Itaú Cultural,Wikipédia,identificado como artista; data final de graduação localizada,alta
Darcílio Lima,"Rio de Janeiro, Brasil",,,fontes biográficas de referência,,,artista frequentemente descrito como autodidata; sem escola formal localizada,media
Claudio Tozzi,São Paulo,Faculdade de Arquitetura e Urbanismo da Universidade de São Paulo (FAU/USP),1963–1968,Wikipédia,Wikipédia,Wikipédia,identificado como artista; formação em arquitetura,alta
Victor Brecheret,"São Paulo, Brasil; Roma, Itália",Liceu de Artes e Ofícios de São Paulo; aprendizado com Arturo Dazzi,1912; 1914,https://enciclopedia.itaucultural.org.br/pessoas/522-victor-brecheret; https://pt.wikipedia.org/wiki/Victor_Brecheret,https://enciclopedia.itaucultural.org.br/pessoas/522-victor-brecheret; https://pt.wikipedia.org/wiki/Victor_Brecheret,https://enciclopedia.itaucultural.org.br/pessoas/522-victor-brecheret; https://pt.wikipedia.org/wiki/Victor_Brecheret,,media
Antônio Pedro,"Lisboa, Portugal; A Guarda, Galiza, Espanha; Santarém, Portugal; Coimbra, Portugal",Liceu Pedro Nunes; Instituto Nuno Álvares; liceu em Santarém; liceu em Coimbra,s.d.; s.d.; s.d.; s.d.,https://pt.wikipedia.org/wiki/Ant%C3%B3nio_Pedro,https://pt.wikipedia.org/wiki/Ant%C3%B3nio_Pedro,https://pt.wikipedia.org/wiki/Ant%C3%B3nio_Pedro,formação escolar geral antes da carreira artística; datas exatas não localizadas,media
Gilda Vogt,Rio de Janeiro; São Paulo,"MAM-RJ; Escola Brasil:; estudos com Misabel Pedrosa, Ivan Serpa, Anna Bella Geiger e Frederico Nasser",1965; 1968; 1970-1973,https://pt.wikipedia.org/wiki/Gilda_Vogt | https://enciclopedia.itaucultural.org.br/pessoas/11443-gilda-vogt,https://pt.wikipedia.org/wiki/Gilda_Vogt | https://enciclopedia.itaucultural.org.br/pessoas/11443-gilda-vogt,https://pt.wikipedia.org/wiki/Gilda_Vogt | https://enciclopedia.itaucultural.org.br/pessoas/11443-gilda-vogt,,alta
Heiner Kielholz,Zurique,Kunstgewerbeschule Zürich,1962-1963,https://de.wikipedia.org/wiki/Heiner_Kielholz,https://de.wikipedia.org/wiki/Heiner_Kielholz,https://de.wikipedia.org/wiki/Heiner_Kielholz,,alta
Judith Lauand,"Araraquara, Brasil; São Paulo, Brasil",Escola de Belas-Artes de Araraquara; estudos de gravura com Lívio Abramo,até 1950; 1952,https://www.escritoriodearte.com/artista/judith-lauand,https://www.escritoriodearte.com/artista/judith-lauand,https://www.escritoriodearte.com/artista/judith-lauand,na escola de Araraquara aprende pintura com Mario Ybarra de Almeida e Domenico Lazzarini,alta
Abelardo Zaluar,Rio de Janeiro,Escola Nacional de Belas Artes (Enba),1944-1948,https://enciclopedia.itaucultural.org.br/pessoas/2112-zaluar | https://www.guiadasartes.com.br/abelardo-zaluar/obras-e-biografia,https://enciclopedia.itaucultural.org.br/pessoas/2112-zaluar | https://www.guiadasartes.com.br/abelardo-zaluar/obras-e-biografia,https://enciclopedia.itaucultural.org.br/pessoas/2112-zaluar,,alta
Djanira,"Rio de Janeiro, RJ",Liceu de Artes e Ofícios,1940,https://www.ebiografia.com/djanira/ ; https://www.guiadasartes.com.br/djanira-da-motta-e-silva/quem-foi,https://www.ebiografia.com/djanira/ ; https://www.guiadasartes.com.br/djanira-da-motta-e-silva/quem-foi,https://www.ebiografia.com/djanira/,"também teve aulas com Emeric Marcier e Milton Dacosta, em contexto não institucional",media
Darcy Penteado,"São Paulo, Brasil",Liceu de Artes e Ofícios de São Paulo,s.d.,fontes biográficas de referência,fontes biográficas de referência,fontes biográficas de referência,instituição identificada em fontes sumárias,baixa
Omar Rayo,"Buenos Aires, Argentina; Cali, Colômbia",academia de desenho por correspondência em Buenos Aires; Escuela de Bellas Artes,s.d.; 1947,https://www.biografiasyvidas.com/biografia/r/rayo.htm,https://www.biografiasyvidas.com/biografia/r/rayo.htm,https://www.biografiasyvidas.com/biografia/r/rayo.htm,passagem breve pela Escola de Bellas Artes; fonte secundária,media
Gilberto Jiménez,,,,,,,formação não localizada com segurança,
Anne Ethuin,"Paris, França; Bregnerød, Dinamarca",sem formação formal identificada; início do desenho e pintura em Paris; participação no Congrès Cobra em Bregnerød,começa a desenhar e pintar em 1949,https://www.dorothysgallery.com/2012/03/31/ethuin/ | https://www.appl-lachaise.net/ethuin-simone-jaguer-dite-anne-1921-2009/ | https://www.galerie-lesyeuxfertiles.com/artiste/ethuin-anne-,,https://www.dorothysgallery.com/2012/03/31/ethuin/ | https://www.appl-lachaise.net/ethuin-simone-jaguer-dite-anne-1921-2009/,As fontes não trazem escola formal; mantida formulação prudente.,baixa
João Câmara Filho,"Recife, Brasil",curso livre da Escola de Belas Artes da Universidade Federal de Pernambuco,1960–1963,https://acervo.macrs.rs.gov.br/artistas-macrs/joao-camara/,https://acervo.macrs.rs.gov.br/artistas-macrs/joao-camara/,https://acervo.macrs.rs.gov.br/artistas-macrs/joao-camara/,,alta
Nicolas Vlavianos,"Atenas, Grécia",Athens School of Fine Arts,s.d.,fontes biográficas de referência,fontes biográficas de referência,fontes biográficas de referência,instituição identificada em biografias sumárias,baixa
Keiya Sugano,"Tóquio, Japão",Tokyo University of the Arts,s.d.,fontes biográficas de referência,fontes biográficas de referência,fontes biográficas de referência,instituição identificada em fontes sumárias,baixa
Cildo Meireles,"Brasília, DF; Rio de Janeiro, RJ",Fundação Cultural do Distrito Federal; Escola Nacional de Belas Artes,1963; 1967,https://www.itaucultural.org.br/ocupacao/cildo-meireles/cildo/ ; https://www.ccta.ufpb.br/pinacoteca/contents/menu/institucional/biografia/cildo-meireles-1948,https://www.itaucultural.org.br/ocupacao/cildo-meireles/cildo/ ; https://www.ccta.ufpb.br/pinacoteca/contents/menu/institucional/biografia/cildo-meireles-1948,https://www.itaucultural.org.br/ocupacao/cildo-meireles/cildo/,também estudou com Félix Barrenechea; fontes convergem sobre 1963 em Brasília e estudo breve na ENBA em 1967,alta
Luiz Alphonsus,"Rio de Janeiro, Brasil",Escola de Belas Artes da Universidade Federal do Rio de Janeiro,c. 1960s,fontes biográficas de referência,fontes biográficas de referência,fontes biográficas de referência,instituição identificada em biografias sumárias,baixa
José Roberto Aguilar,"São Paulo, Brasil",,,https://enciclopedia.itaucultural.org.br/pessoas/1119-jose-roberto-aguilar,,,artista autodidata; sem escola formal localizada,alta
Montez Magno,"Recife, Brasil",,1953–1966,https://www.guiadasartes.com.br/montez-magno-de-oliveira/biografia,https://www.guiadasartes.com.br/montez-magno-de-oliveira/biografia,https://www.guiadasartes.com.br/montez-magno-de-oliveira/biografia,"a fonte registra estudos de desenho e pintura, mas não nomeia com segurança a instituição",media
Amador de Carvalho Perez,"Rio de Janeiro, RJ",MAM Rio de Janeiro (estudos com Aloísio Carvão e outros professores),antes da atuação expositiva; sem data exata na fonte,https://www.catalogodasartes.com.br/artista/Amador%20de%20Carvalho%20Perez%20-%20Amador%20Perez/ | https://www.youtube.com/%40amadordecarvalhoperez,https://www.catalogodasartes.com.br/artista/Amador%20de%20Carvalho%20Perez%20-%20Amador%20Perez/ | https://www.youtube.com/%40amadordecarvalhoperez,https://www.youtube.com/%40amadordecarvalhoperez,O canal do artista informa também graduação em Projeto Gráfico pela Escola de Belas Artes; mantido o dado mais seguro no campo principal.,media
Luís Camargo,"São Paulo, Brasil",Faculdade de Arquitetura e Urbanismo da USP,s.d.,fontes biográficas de referência,fontes biográficas de referência,fontes biográficas de referência,formação em arquitetura associada à prática escultórica,baixa
Carlos Scliar,Porto Alegre,aulas com Gustav Epstein,c. 1934,Wikipédia,Wikipédia,Wikipédia,"formação artística inicial por aulas, não por instituição formal",baixa
Raphael Galvez,"São Paulo, Brasil",Liceu de Artes e Ofícios de São Paulo,s.d.,fontes biográficas de referência,fontes biográficas de referência,fontes biográficas de referência,instituição identificada em biografias sumárias,baixa
César Lacanna,São Paulo,curso de Modelo Vivo da Sociedade Paulista de Belas Artes; Escola Profissional Masculina; Liceu de Artes e Ofícios,1917; 1920; 1923-1924,https://pt.wikipedia.org/wiki/C%C3%A9sar_Lacanna | https://enciclopedia.itaucultural.org.br/pessoas/2887-cesar-lacanna,https://pt.wikipedia.org/wiki/C%C3%A9sar_Lacanna | https://enciclopedia.itaucultural.org.br/pessoas/2887-cesar-lacanna,https://pt.wikipedia.org/wiki/C%C3%A9sar_Lacanna | https://enciclopedia.itaucultural.org.br/pessoas/2887-cesar-lacanna,,alta
Eugenio Prati,Veneza; Verona,Academia de Belas Artes de Veneza; patronato operário Stimate de Verona,1854 em diante; 1907 e 1910 para os diplomas em Verona,https://prati.com.br/famiglia-prati/ilustresilustri/biografia-portugues | https://pt.wikiital.com/wiki/Eugenio_Prati_%28scultore%29,https://prati.com.br/famiglia-prati/ilustresilustri/biografia-portugues | https://pt.wikiital.com/wiki/Eugenio_Prati_%28scultore%29,https://prati.com.br/famiglia-prati/ilustresilustri/biografia-portugues | https://pt.wikiital.com/wiki/Eugenio_Prati_%28scultore%29,Há divergência de datas entre fontes secundárias; mantido o que aparece de forma mais explícita nas fontes abertas recuperadas.,media
Ottone Zorlini,"Veneza, Itália",Academia de Belas Artes de Veneza,1905–1906,https://www.guiadasartes.com.br/ottone-zorlini,https://www.guiadasartes.com.br/ottone-zorlini,https://www.guiadasartes.com.br/ottone-zorlini,"os dados de formação na Itália são descritos como incertos, mas a entrada na academia é explicitada",media
Sérvulo Esmeraldo,"Paris, França",École Nationale Supérieure des Beaux-Arts,,https://www.guiadasartes.com.br/servulo-esmeraldo/obras-e-biografia,https://www.guiadasartes.com.br/servulo-esmeraldo/obras-e-biografia,,estuda litografia em Paris; datas precisas não localizadas na fonte consultada,media
Ivald Granato,"Rio de Janeiro, Brasil; Rio de Janeiro, Brasil",estudos de pintura com Robert Newman; Escola de Belas Artes,1966; breve período após 1966,https://www.escritoriodearte.com/artista/ivald-granato,https://www.escritoriodearte.com/artista/ivald-granato,https://www.escritoriodearte.com/artista/ivald-granato,,media
Susana Wald,"Santiago, Chile",Escuela de Bellas Artes de la Universidad de Chile,s.d.,fontes biográficas de referência,fontes biográficas de referência,fontes biográficas de referência,instituição identificada em biografias sumárias,baixa
Pola Rezende,"Belo Horizonte, Brasil",Escola de Belas Artes da UFMG,s.d.,fontes biográficas de referência,fontes biográficas de referência,fontes biográficas de referência,instituição identificada em fontes sumárias,baixa
Mario Ballocco,"Milão, Itália",Brera Academy,,MAC_consolidado_normalized.csv / nationality_applied_dataset.csv,MAC_consolidado_normalized.csv / nationality_applied_dataset.csv,,dados recuperados de base auxiliar; datas não localizadas,alta
Hugo Adami,"São Paulo, Brasil; São Paulo, Brasil; Florença, Itália",Escola Profissional Masculina do Brás; Liceu de Artes e Ofícios de São Paulo; Academia de Belas Artes de Florença,c. 1911; 1913–1916; 1922,https://www.guiadasartes.com.br/hugo-adami/biografia,https://www.guiadasartes.com.br/hugo-adami/biografia,https://www.guiadasartes.com.br/hugo-adami/biografia,"na fase paulista estuda com Giuseppe Barchitta, Alfredo Norfini, Enrico Vio, William Zadig e José Cuccé",alta
Luis Camnitzer,"Montevidéu, Uruguai",University of the Republic,,MAC_consolidado_normalized.csv / nationality_progress_update.csv,MAC_consolidado_normalized.csv / nationality_progress_update.csv,,dados recuperados de base auxiliar; datas não localizadas,alta
Charlotta Adlerová,"Berlim-Charlottenburg, Alemanha; Berlim, Alemanha; São Paulo, Brasil",Escola de Artes e Ofícios Berlim-Charlottenburg; Escola Reimann; Atelier-Abstração,1926; c. 1930; 1952,Enciclopédia Itaú Cultural,Enciclopédia Itaú Cultural,Enciclopédia Itaú Cultural,,alta
Aloísio Lucas de Siqueira,Formação autodidata,,,https://hroficinadeartes.blogspot.com/2011/07/pintura-aloisio-lucas-siqueira.html,,,A fonte recuperada descreve o artista como autodidata.,media
Gilson Ramos Barbosa,Salvador (BA),Escola de Teatro da Universidade da Bahia,1956,https://enciclopedia.itaucultural.org.br/pessoas/7019-gilson-barbosa,https://enciclopedia.itaucultural.org.br/pessoas/7019-gilson-barbosa,https://enciclopedia.itaucultural.org.br/pessoas/7019-gilson-barbosa,,media
Hélio Basto,Salvador (BA); São Paulo (SP),Escola de Belas Artes da Bahia,,https://www.arrematearte.com.br/artistas/helio-basto-1931 | https://www.dicionario.belasartes.ufba.br/wp/verbete/helio-basto-helio-fonseca-basto/,https://www.arrematearte.com.br/artistas/helio-basto-1931 | https://www.dicionario.belasartes.ufba.br/wp/verbete/helio-basto-helio-fonseca-basto/,,"As fontes indicam formação inicial na Bahia e aprofundamento posterior em São Paulo, sem cronologia precisa.",media
Leonel Brayner,sem formação formal identificada,,pesquisa técnica em pintura ao longo de mais de 60 anos,https://atarde.com.br/muito/leonel-brayner-conteudo-x-essencia-1288951 | https://millarch.org/artigo/leonel-o-pintor,,https://atarde.com.br/muito/leonel-brayner-conteudo-x-essencia-1288951,Fontes encontradas não indicam escola; preenchimento conservador apenas para registrar ausência de formação formal identificada.,baixa
Yola Cintra,,,,,,,formação não localizada com segurança,
Francesc Domingo,"Barcelona, Espanha",Escola de Belos Ofícios da Mancomunidade de Barcelona,,https://www.catalogodasartes.com.br/artista/Francesc%20Domingo%20Segura%20/,https://www.catalogodasartes.com.br/artista/Francesc%20Domingo%20Segura%20/,,instituição identificada; datas não localizadas na fonte consultada,media
Chen-kong Fang,China; São Paulo,estudos de sumi-ê e aquarela com Chang-Zenshen; estudos de pintura com Yoshiya Takaoka,1945; 1954-1956,https://pt.wikipedia.org/wiki/Chen_Kong_Fang | https://almeidaedale.com.br/artistas/chen-kong-fang/,https://pt.wikipedia.org/wiki/Chen_Kong_Fang | https://almeidaedale.com.br/artistas/chen-kong-fang/,https://pt.wikipedia.org/wiki/Chen_Kong_Fang | https://almeidaedale.com.br/artistas/chen-kong-fang/,"A formação aparece por mestres, não por instituição formal única.",alta
Arnaldo Ferrari,São Paulo (SP),Liceu de Artes e Ofícios de São Paulo,1925-1935,https://enciclopedia.itaucultural.org.br/pessoas/2171-arnaldo-ferrari | https://www.escritoriodearte.com/artista/arnaldo-ferrari,https://enciclopedia.itaucultural.org.br/pessoas/2171-arnaldo-ferrari | https://www.escritoriodearte.com/artista/arnaldo-ferrari,https://enciclopedia.itaucultural.org.br/pessoas/2171-arnaldo-ferrari | https://www.escritoriodearte.com/artista/arnaldo-ferrari,,alta
Joãozinho,,,,,,,identificação incompleta; não foi possível desambiguar com segurança,
Eleonore Koch,"São Paulo, Brasil; Paris, França; São Paulo, Brasil","aulas com Yolanda Mohalyi, Elisabeth Nobiling, Samson Flexor e Bruno Giorgi; ateliês de Árpád Szenes e Robert Coutin; ateliê de Alfredo Volpi",até 1949; 1949; 1953–1956,https://www.guiadasartes.com.br/eleonore-koch/obras-e-biografia,https://www.guiadasartes.com.br/eleonore-koch/obras-e-biografia,https://www.guiadasartes.com.br/eleonore-koch/obras-e-biografia,trajetória formativa baseada em ateliês e estudo com artistas,alta
Valdeir Maciel,formação autodidata,,sem data exata na fonte,https://blombo.com/artistas/valdir-maciel | https://www.al.sp.gov.br/noticia/?id=264828,,,Também grafado Valdir/Waldeir em fontes secundárias.,alta
Ernesto Meyer Filho,"Florianópolis, Brasil",,,fontes biográficas de referência,,,artista autodidata; sem escola formal localizada,media
Djanira Volpi,"São Paulo, Brasil",,,fontes biográficas de referência,,,formação não institucional claramente localizada,baixa
Jandyra Waters,"Rio de Janeiro, Brasil",Escola Nacional de Belas Artes,s.d.,fontes biográficas de referência,fontes biográficas de referência,fontes biográficas de referência,instituição identificada em fontes sumárias,baixa
Niobe Xandó,"São Paulo, Brasil",ateliê de Raphael Galvez,1947,https://pt.wikipedia.org/wiki/Niobe_Xand%C3%B3,https://pt.wikipedia.org/wiki/Niobe_Xand%C3%B3,https://pt.wikipedia.org/wiki/Niobe_Xand%C3%B3,artista frequentemente descrita como autodidata; registro mantido apenas para o estudo em ateliê explicitado na fonte,media
Tarcizo,,,,,,,identificação incompleta; não foi possível desambiguar com segurança,
João Calixto,"Salvador, Brasil",Escola de Belas Artes da Bahia,s.d.,fontes biográficas de referência,fontes biográficas de referência,fontes biográficas de referência,instituição identificada em fontes sumárias,baixa
Gastão Frazão,"Belém, Brasil",Escola de Belas Artes do Pará,s.d.,fontes biográficas de referência,fontes biográficas de referência,fontes biográficas de referência,instituição identificada em fontes sumárias,baixa
Ernestina Sanná Karman,"São Paulo, Brasil",ateliê de Samson Flexor,s.d.,fontes biográficas de referência,fontes biográficas de referência,fontes biográficas de referência,formação em ateliê explicitada em fontes sumárias,baixa
Miguel Melcon,,,,,,,biografia localizada; formação não localizada com segurança,
Miguel Angel Ferreira,Buenos Aires,Escuela Nacional de Bellas Artes Manuel Belgrano,sem data exata na fonte,https://artedelaargentina.com/disciplinas/artista/pintura/miguel-angel-ferreira | https://www.arteinformado.com/guia/f/miguel-angel-ferreira-48197,https://artedelaargentina.com/disciplinas/artista/pintura/miguel-angel-ferreira | https://www.arteinformado.com/guia/f/miguel-angel-ferreira-48197,,"As fontes confirmam a escola, mas não trazem cronologia detalhada.",media
Geraldo de Barros,"São Paulo, Brasil",Escola Livre de Artes Plásticas do Museu de Arte de São Paulo,1948–1949,Enciclopédia Itaú Cultural / fontes biográficas de referência,Enciclopédia Itaú Cultural / fontes biográficas de referência,Enciclopédia Itaú Cultural / fontes biográficas de referência,também integra o Foto Cine Clube Bandeirante no período formativo,alta
Tuneu,"São Paulo, Brasil",Fundação Armando Álvares Penteado (FAAP),1970s,fontes biográficas de referência,fontes biográficas de referência,fontes biográficas de referência,datas aproximadas,media
Manabu Mabe,"São Paulo, Brasil",,,Enciclopédia Itaú Cultural / fontes biográficas de referência,Enciclopédia Itaú Cultural / fontes biográficas de referência,,artista autodidata; sem escola formal localizada,alta
Mário Bueno,Formação autodidata,,começou a pintar por volta dos 30 anos,https://www4.iar.unicamp.br/gaia/a-galeria/exposicoes-anteriores/2005-2/mario-bueno-in-memoriam-pinturas-desenhos-e-monotipias-de-1952-a-1993/,,https://www4.iar.unicamp.br/gaia/a-galeria/exposicoes-anteriores/2005-2/mario-bueno-in-memoriam-pinturas-desenhos-e-monotipias-de-1952-a-1993/,A fonte consultada qualifica a trajetória como autodidata.,media
Alberto Teixeira,Lisboa (Portugal); São Paulo (SP); Paris (França),Sociedade Nacional de Belas Artes; aulas com Samson Flexor; Atelier-Abstração,1947-1950; 1952-1955; 1956-1958,https://enciclopedia.itaucultural.org.br/pessoas/2955-alberto-teixeira | https://www.apap.art.br/associados/338/alberto-teixeira-em-memoria/,https://enciclopedia.itaucultural.org.br/pessoas/2955-alberto-teixeira | https://www.apap.art.br/associados/338/alberto-teixeira-em-memoria/,https://enciclopedia.itaucultural.org.br/pessoas/2955-alberto-teixeira | https://www.apap.art.br/associados/338/alberto-teixeira-em-memoria/,,alta
Eduardo Jonquières,"Buenos Aires, Argentina",Academia Nacional de Bellas Artes; Escuela Normal del Profesorado Mariano Acosta,c. 1930s–1940s; c. 1940s,https://artedelaargentina.com/disciplinas/artista/pintura/eduardo-jonquieres ; https://www.ecured.cu/Eduardo_Jonqui%C3%A8res,https://artedelaargentina.com/disciplinas/artista/pintura/eduardo-jonquieres ; https://www.ecured.cu/Eduardo_Jonqui%C3%A8res,https://artedelaargentina.com/disciplinas/artista/pintura/eduardo-jonquieres ; https://www.ecured.cu/Eduardo_Jonqui%C3%A8res,fontes sumárias convergem para formação em Buenos Aires; datas aproximadas,media
Barbara Schubert Spanoudis,Porto Alegre; São Paulo; Düsseldorf,estudos com João Fahrion; estudos com Yolanda Mohalyi e Ernesto Klasing; Academia de Arte de Düsseldorf,1949-1951; c.1951-c.1952; 1952-1955,https://www.catalogodasartes.com.br/artista/B%EF%BF%BDrbara%20Schubert%20Spanoudis%20-%20Barbara%20Spanoudis/ | https://www.escritoriodearte.com/artista/barbara-schubert-spanoudis,https://www.catalogodasartes.com.br/artista/B%EF%BF%BDrbara%20Schubert%20Spanoudis%20-%20Barbara%20Spanoudis/ | https://www.escritoriodearte.com/artista/barbara-schubert-spanoudis,https://www.catalogodasartes.com.br/artista/B%EF%BF%BDrbara%20Schubert%20Spanoudis%20-%20Barbara%20Spanoudis/,No CSV o creator está sem acento em 'Barbara'; mantida a grafia original do creator.,alta
Seymor Lipton,Nova York (EUA),Brooklyn Polytechnic Institute; City College of New York; Columbia University (DDS),1923-1927,https://michaelrosenfeld.com/storage/app/media/Artist/CV/Seymour%20Lipton%20CV.pdf | https://www.britannica.com/biography/Seymour-Lipton,https://michaelrosenfeld.com/storage/app/media/Artist/CV/Seymour%20Lipton%20CV.pdf | https://findingaids.archives.newschool.edu/repositories/3/resources/98,https://michaelrosenfeld.com/storage/app/media/Artist/CV/Seymour%20Lipton%20CV.pdf,Creator grafado como 'Seymor'; fontes biográficas usam 'Seymour Lipton'.,alta
Juan José Balzi,Buenos Aires (Argentina),Academia Nacional de Bellas Artes de Buenos Aires,1948-1956,https://enciclopedia.itaucultural.org.br/pessoas/9391-balzi | https://pt.wikipedia.org/wiki/Juan_Jos%C3%A9_Balzi,https://enciclopedia.itaucultural.org.br/pessoas/9391-balzi | https://pt.wikipedia.org/wiki/Juan_Jos%C3%A9_Balzi,https://pt.wikipedia.org/wiki/Juan_Jos%C3%A9_Balzi,"As fontes indicam formação em desenho, pintura e publicidade artística.",alta
Erich Brill,Hamburgo; Frankfurt,escolas de arte em Hamburgo e Frankfurt,após doutorado em economia; sem datas exatas na fonte,https://www.askart.com/bio/Erich_Arnold_Brill/11091033/Erich_Arnold_Brill,https://www.askart.com/bio/Erich_Arnold_Brill/11091033/Erich_Arnold_Brill,,A fonte recuperada usa o nome completo Erich Arnold Brill.,media
Kenny Scharf,"Nova York, EUA",School of Visual Arts,1978–1980,fontes biográficas de referência,fontes biográficas de referência,fontes biográficas de referência,,alta
Adir Sodré de Souza,"Cuiabá, Brasil",Ateliê Livre da Fundação Cultural de Mato Grosso,a partir de 1977,https://museudeartesacra.org.br/2021/09/15/adir-sodre/,https://museudeartesacra.org.br/2021/09/15/adir-sodre/,https://museudeartesacra.org.br/2021/09/15/adir-sodre/,formação em ateliê; escola formal não localizada,media
Svend Wiig Hansen,Copenhague (Dinamarca),Royal Danish Academy of Fine Arts / Academy of Fine Arts' School of Sculpture,1946-1950,https://en.wikipedia.org/wiki/Svend_Wiig_Hansen | https://klassik.dk/en/blogs/designers/svend-wiig-hansen,https://en.wikipedia.org/wiki/Svend_Wiig_Hansen | https://klassik.dk/en/blogs/designers/svend-wiig-hansen,https://en.wikipedia.org/wiki/Svend_Wiig_Hansen | https://www.wiighansen.com/svend-wiig-hansen,,alta
Emmanuel Nassar,"Belém, Brasil",Universidade Federal do Pará,1969–1974,https://enciclopedia.itaucultural.org.br/pessoas/2814-emmanuel-nassar,https://enciclopedia.itaucultural.org.br/pessoas/2814-emmanuel-nassar,https://enciclopedia.itaucultural.org.br/pessoas/2814-emmanuel-nassar,formação em arquitetura,alta
Hércules Barsotti,"São Paulo, Brasil",Liceu de Artes e Ofícios de São Paulo,1937–1948,Enciclopédia Itaú Cultural / fontes biográficas de referência,Enciclopédia Itaú Cultural / fontes biográficas de referência,Enciclopédia Itaú Cultural / fontes biográficas de referência,,alta
Willys de Castro,"Uberlândia, Brasil; São Paulo, Brasil",Colégio Marista; estudo com João Pereira Gomes,até 1941; 1940s,Enciclopédia Itaú Cultural / fontes biográficas de referência,Enciclopédia Itaú Cultural / fontes biográficas de referência,Enciclopédia Itaú Cultural / fontes biográficas de referência,formação combinando ensino geral e estudo artístico com mestre,media
Hélio Oiticica,"Rio de Janeiro, Brasil",Museu de Arte Moderna do Rio de Janeiro (curso com Ivan Serpa),1954,https://enciclopedia.itaucultural.org.br/pessoas/22-helio-oiticica,https://enciclopedia.itaucultural.org.br/pessoas/22-helio-oiticica,https://enciclopedia.itaucultural.org.br/pessoas/22-helio-oiticica,,alta
Daniel Senise,"Rio de Janeiro, RJ",Universidade Federal do Rio de Janeiro; Escola de Artes Visuais do Parque Lage,até 1980; 1981–1983,https://www.danielsenise.com/sobre/daniel-senise/ ; https://www.guiadasartes.com.br/daniel-senise/biografia,https://www.danielsenise.com/sobre/daniel-senise/ ; https://www.guiadasartes.com.br/daniel-senise/biografia,https://www.danielsenise.com/sobre/daniel-senise/,formou-se em engenharia civil na UFRJ e depois cursou formação artística livre no Parque Lage,alta
Iran do Espírito Santo,"São Paulo, Brasil",Fundação Armando Álvares Penteado (FAAP),1986,https://www.escritoriodearte.com/artista/iran-do-espirito-santo,https://www.escritoriodearte.com/artista/iran-do-espirito-santo,https://www.escritoriodearte.com/artista/iran-do-espirito-santo,licenciatura em artes plásticas,alta
Ivonaldo,formação autodidata; São Paulo,,inicia-se na pintura em 1966,https://www.escritoriodearte.com/artista/ivonaldo-veloso-de-melo | https://pt.wikipedia.org/wiki/Ivonaldo_Veloso_de_Melo,,https://www.escritoriodearte.com/artista/ivonaldo-veloso-de-melo,,alta
Marcello Nitsche,"São Paulo, Brasil; São Paulo, Brasil",Escola Profissional Getúlio Vargas; Fundação Armando Álvares Penteado (FAAP),s.d.; 1966–1969,https://www.escritoriodearte.com/artista/marcello-nitsche,https://www.escritoriodearte.com/artista/marcello-nitsche,https://www.escritoriodearte.com/artista/marcello-nitsche,na Getúlio Vargas tem formação preparatória; conclui licenciatura em desenho na FAAP,alta
Mônica Nador,"São Paulo, Brasil; São Paulo, Brasil",Fundação Armando Álvares Penteado (FAAP); Escola de Comunicações e Artes da USP,1983; 1985,https://www.guiadasartes.com.br/monica-nador/obras-e-biografia,https://www.guiadasartes.com.br/monica-nador/obras-e-biografia,https://www.guiadasartes.com.br/monica-nador/obras-e-biografia,na ECA/USP frequenta curso de gravura planográfica com Regina Silveira,alta
Paulo Monteiro,"São Paulo, Brasil",Faculdade de Belas Artes de São Paulo,1980,https://www.guiadasartes.com.br/paulo-bacellar-monteiro,https://www.guiadasartes.com.br/paulo-bacellar-monteiro,https://www.guiadasartes.com.br/paulo-bacellar-monteiro,,alta
Nuno Ramos,"São Paulo, Brasil","Faculdade de Filosofia, Letras e Ciências Humanas da USP",1978–1982,https://pt.wikipedia.org/wiki/Nuno_Ramos,https://pt.wikipedia.org/wiki/Nuno_Ramos,https://pt.wikipedia.org/wiki/Nuno_Ramos,formação em filosofia; passa a integrar a Casa 7 em 1984,alta
Leda Catunda,"São Paulo, Brasil",Fundação Armando Álvares Penteado (FAAP),1980–1984,https://pt.wikipedia.org/wiki/Leda_Catunda,https://pt.wikipedia.org/wiki/Leda_Catunda,https://pt.wikipedia.org/wiki/Leda_Catunda,"teve como mestres Regina Silveira, Julio Plaza, Nelson Leirner e Walter Zanini",alta
León Ferrari,"Buenos Aires, Argentina",Universidad de Buenos Aires,1947,https://cultura.gob.ar/cien-anos-de-leon-ferrari-9425/,https://cultura.gob.ar/cien-anos-de-leon-ferrari-9425/,https://cultura.gob.ar/cien-anos-de-leon-ferrari-9425/,engenheiro de formação; artista autodidata em artes plásticas,alta
Alex Flemming,"São Paulo, Brasil; São Paulo, Brasil; São Paulo, Brasil; Nova Iorque, Estados Unidos","Curso Livre de Cinema da Fundação Armando Álvares Penteado (FAAP); Faculdade de Arquitetura e Urbanismo da USP; estudos de serigrafia e gravura com Regina Silveira, Julio Plaza e Romildo Paiva; Pratt Institute Manhattan",1972–1974; até 1976; 1979–1980; 1981–1983,https://alexflemming.com.br/alexflemming/; https://www.ieb.usp.br/alex-flemming/; https://pt.wikipedia.org/wiki/Alex_Flemming,https://alexflemming.com.br/alexflemming/; https://www.ieb.usp.br/alex-flemming/; https://pt.wikipedia.org/wiki/Alex_Flemming,https://alexflemming.com.br/alexflemming/; https://www.ieb.usp.br/alex-flemming/,"Formação combinou curso livre, passagem universitária e estudos técnicos com artistas-professores.",alta
Luiz Paulo Baravelli,"São Paulo, Brasil",Fundação Armando Alvares Penteado,,MAC_consolidado_normalized.csv / nationality_progress_update.csv,MAC_consolidado_normalized.csv / nationality_progress_update.csv,,dados recuperados de base auxiliar; datas não localizadas,alta
Sergio Niculitcheff,"São Paulo, Brasil; São Paulo, Brasil",Instituto de Artes e Decoração (IADÊ); Ateliê de Gravura da Escola de Comunicações e Artes da USP,1975–1977; 1978,https://enciclopedia.itaucultural.org.br/pessoas/3078-niculitcheff,https://enciclopedia.itaucultural.org.br/pessoas/3078-niculitcheff,https://enciclopedia.itaucultural.org.br/pessoas/3078-niculitcheff,,alta
Antonio Segui,"Madri, Espanha; Paris, França",Real Academia de Bellas Artes de San Fernando; École nationale supérieure des beaux-arts,1951–1954; 1951–1954,https://en.wikipedia.org/wiki/Antonio_Segu%C3%AD,https://en.wikipedia.org/wiki/Antonio_Segu%C3%AD,https://en.wikipedia.org/wiki/Antonio_Segu%C3%AD,A fonte consultada registra o período das passagens por Madri e Paris como estudante visitante.,alta
Giselda Leirner,"São Paulo, Brasil; Nova York, EUA; Nova York, EUA",estudos com Yolanda Mohalyi; Art Students League; Parsons School of Design,1942–1945; 1946; s.d.,https://www.escritoriodearte.com/artista/giselda-leirner,https://www.escritoriodearte.com/artista/giselda-leirner,https://www.escritoriodearte.com/artista/giselda-leirner,combina formação com artistas e cursos em Nova York,alta
Amílcar de Castro,"Belo Horizonte, Brasil; Belo Horizonte, Brasil",Faculdade de Direito da Universidade Federal de Minas Gerais; Escola de Belas Artes de Belo Horizonte,1941–1945; desde 1944,Instituto Amílcar de Castro; Enciclopédia Itaú Cultural,Instituto Amílcar de Castro; Enciclopédia Itaú Cultural,Instituto Amílcar de Castro; Guia das Artes,,alta
Manfredo de Souzanetto,"Belo Horizonte, Brasil; Belo Horizonte, Brasil",Escola Guignard; Universidade Federal de Minas Gerais,1969; 1972–1975,https://www.martir.org/artistas/manfredo-de-souzanetto/ ; https://www.guiadasartes.com.br/manfredo-de-souzanetto/biografia,https://www.martir.org/artistas/manfredo-de-souzanetto/ ; https://www.guiadasartes.com.br/manfredo-de-souzanetto/biografia,https://www.martir.org/artistas/manfredo-de-souzanetto/ ; https://www.guiadasartes.com.br/manfredo-de-souzanetto/biografia,na UFMG estuda arquitetura,alta
Maria Lídia Magliani,"Porto Alegre, Brasil",Federal University of Rio Grande do Sul,,MAC_consolidado_normalized.csv / nationality_applied_dataset.csv,MAC_consolidado_normalized.csv / nationality_applied_dataset.csv,,dados recuperados de base auxiliar; datas não localizadas,alta
Luiz Hermano,"Fortaleza, Brasil; Rio de Janeiro, Brasil",Universidade Estadual do Ceará; Escola de Artes Visuais do Parque Lage,início dos anos 1970; 1979,https://pt.wikipedia.org/wiki/Luiz_Hermano,https://pt.wikipedia.org/wiki/Luiz_Hermano,https://pt.wikipedia.org/wiki/Luiz_Hermano,na universidade estuda filosofia; no Parque Lage frequenta aulas de gravura,media
Anna Barros,"Los Angeles, EUA; São Paulo, Brasil",Otis Art Institute; Escola de Comunicações e Artes da USP,1984; 1990,https://enciclopedia.itaucultural.org.br/pessoas/8485-anna-barros,https://enciclopedia.itaucultural.org.br/pessoas/8485-anna-barros,https://enciclopedia.itaucultural.org.br/pessoas/8485-anna-barros,graduação em artes plásticas e mestrado em artes,alta
Arlindo Daibert,"Juiz de Fora, Brasil; Paris, França",Universidade Federal de Juiz de Fora; Atelier Calevaert-Brun,1973; 1975–1976,https://www.escritoriodearte.com/artista/arlindo-daibert,https://www.escritoriodearte.com/artista/arlindo-daibert,https://www.escritoriodearte.com/artista/arlindo-daibert,formação universitária em letras e aperfeiçoamento em gravura em Paris,alta
Carlos Delfino,"São Paulo, Brasil",ateliê de Carlos Fajardo,1982,https://www.catalogodasartes.com.br/artista/Carlos%20Delfino/,https://www.catalogodasartes.com.br/artista/Carlos%20Delfino/,https://www.catalogodasartes.com.br/artista/Carlos%20Delfino/,estudo em ateliê; escola formal não localizada,media
Paulo Pasta,"São Paulo, Brasil",Fundação Armando Álvares Penteado (FAAP),1977–1982,fontes biográficas de referência,fontes biográficas de referência,fontes biográficas de referência,,alta
Charles Watson,Bath (Inglaterra),Bath Academy of Art / Bath University,1970-1974,https://enciclopedia.itaucultural.org.br/pessoas/2841-charles-watson | https://www.pipaprize.com/pag/charles-watson/,https://enciclopedia.itaucultural.org.br/pessoas/2841-charles-watson | https://www.pipaprize.com/pag/charles-watson/,https://enciclopedia.itaucultural.org.br/pessoas/2841-charles-watson | https://www.pipaprize.com/pag/charles-watson/,,alta
Fabiana de Barros,"São Paulo, Brasil",Fundação Armando Álvares Penteado (FAAP),1983,https://acervo.macrs.rs.gov.br/artistas-macrs/fabiana-de-barros/,https://acervo.macrs.rs.gov.br/artistas-macrs/fabiana-de-barros/,https://acervo.macrs.rs.gov.br/artistas-macrs/fabiana-de-barros/,formação em artes plásticas,alta
Marcia Schvartz,"Buenos Aires, Argentina; Buenos Aires, Argentina","Escuela Nacional de Bellas Artes Manuel Belgrano; ateliês de Ricardo Carreira, Aída Carballo, Luis Falcini e Luis Felipe Noé",1970; 1970s,https://www.marciaschvartz.com/biografia,https://www.marciaschvartz.com/biografia,https://www.marciaschvartz.com/biografia,estudos inconclusos na Manuel Belgrano e formação complementar em ateliês,alta
Marilyn Diggs,,,,,,,biografia localizada; formação não localizada com segurança,
Emília Ceccarelli,,,,,,,biografia localizada; formação não localizada com segurança,
Liz Miller,Providence (EUA); Minnesota (EUA),Rhode Island School of Design; University of Minnesota,,https://hss.mnsu.edu/academic-programs/art/art-faculty-staff/liz-miller/ | https://mccollcenter.org/artists-in-residence/artist/liz-miller,https://hss.mnsu.edu/academic-programs/art/art-faculty-staff/liz-miller/ | https://mccollcenter.org/artists-in-residence/artist/liz-miller,,"As fontes consultadas identificam os graus, mas não detalham os anos de conclusão.",alta
Emi Nakano,,,,,,,possível homônimo; formação não localizada com segurança,
Letícia Burgos,"Mendoza, Argentina; Tempe, EUA",Universidad Nacional de Cuyo; Arizona State University,s.d.; s.d.,https://yicca.org/es/view/info/leticia-burgos,https://yicca.org/es/view/info/leticia-burgos,https://yicca.org/es/view/info/leticia-burgos,"fonte informa licenciatura, professorado em arte e MFA; datas não localizadas",media
Gisela Eichbaum,São Paulo (SP); Nova York (EUA),"estudos com Yolanda Mohalyi, Samson Flexor e Karl Plattner; School of Modern Art, New York",década de 1940,https://enciclopedia.itaucultural.org.br/pessoas/509-gisela-eichbaum | https://pt.wikipedia.org/wiki/Gisela_Eichbaum,https://enciclopedia.itaucultural.org.br/pessoas/509-gisela-eichbaum | https://pt.wikipedia.org/wiki/Gisela_Eichbaum,https://enciclopedia.itaucultural.org.br/pessoas/509-gisela-eichbaum,"A formação aparece em parte por mestres e em parte por escola, sem cronologia completa para Nova York.",media
José Spaniol,"São Paulo, Brasil; Düsseldorf, Alemanha",Fundação Armando Álvares Penteado (FAAP); Academia de Artes de Düsseldorf,1978–1983; 1990–1993,https://enciclopedia.itaucultural.org.br/pessoas/2833-jose-spaniol,https://enciclopedia.itaucultural.org.br/pessoas/2833-jose-spaniol,https://enciclopedia.itaucultural.org.br/pessoas/2833-jose-spaniol,,alta
Macaparana,Formação autodidata,,,https://www.escritoriodearte.com/artista/macaparana | https://arteref.com/arte-do-dia/conheca-o-artista-macaparana-e-a-sua-arte/,,,As fontes qualificam o artista como autodidata; sem instituição formal identificada.,media
Victor Ribeiro,Porto (Portugal),Ar.Co,formação em escultura concluída em 1985,https://www.fundacaoplmj.com/pt/colecao/artistas/vitor-ribeiro/1017/ | https://dev.cps.pt/pt/artistas/vitor-ribeiro,https://www.fundacaoplmj.com/pt/colecao/artistas/vitor-ribeiro/1017/ | https://dev.cps.pt/pt/artistas/vitor-ribeiro,https://www.fundacaoplmj.com/pt/colecao/artistas/vitor-ribeiro/1017/,A base usa Victor Ribeiro; as fontes consultadas usam Vitor Ribeiro.,alta
Henrique Leo Fuhro,Porto Alegre (RS),,1954; final da década de 1950,https://enciclopedia.itaucultural.org.br/pessoas/2904-henrique-leo-fuhro | https://www.escritoriodearte.com/artista/henrique-leo-fuhro,,https://enciclopedia.itaucultural.org.br/pessoas/2904-henrique-leo-fuhro | https://www.escritoriodearte.com/artista/henrique-leo-fuhro,"As fontes indicam aprendizado inicial e prática autodidata, sem instituição formal identificada.",media
Eduardo Eloy,"Rio de Janeiro, Brasil; Rio de Janeiro, Brasil; Rio de Janeiro, Brasil",Escola de Artes Visuais do Parque Lage; Centro Educacional Municipal Calouste Gulbenkian; Museu de Arte Moderna do Rio de Janeiro,1976–1981; 1976–1981; 1976–1981,https://www.cps.pt/pt/artistas/eduardo-eloy ; https://mapacultural.secult.ce.gov.br/agente/36535/,https://www.cps.pt/pt/artistas/eduardo-eloy ; https://mapacultural.secult.ce.gov.br/agente/36535/,https://www.cps.pt/pt/artistas/eduardo-eloy ; https://mapacultural.secult.ce.gov.br/agente/36535/,fontes convergem para formação em gravura e artes visuais no Rio,alta
Amélia Toledo,"São Paulo, Brasil; São Paulo, Brasil; São Paulo, Brasil; Londres, Reino Unido",Ateliê de Anita Malfatti; estudos com Yoshiya Takaoka; estudos com Waldemar da Costa; Central School of Arts and Crafts,c. final dos anos 1930; c. 1940s; c. 1940s; s.d.,https://www.ameliatoledo.com/biografia; https://pt.wikipedia.org/wiki/Amelia_Toledo,https://www.ameliatoledo.com/biografia; https://pt.wikipedia.org/wiki/Amelia_Toledo,https://www.ameliatoledo.com/biografia,Parte da formação ocorreu em ateliês; a data da escola em Londres não apareceu com precisão nas fontes vistas.,media
Ademar Shimabukuro,"Campinas, Brasil",Pontifícia Universidade Católica de Campinas,1991,https://www.escavador.com/sobre/1882197/ademar-kazumi-shimabukuro,https://www.escavador.com/sobre/1882197/ademar-kazumi-shimabukuro,https://www.escavador.com/sobre/1882197/ademar-kazumi-shimabukuro,graduação em arquitetura e urbanismo,media
Fernando Limberger,Porto Alegre; Piracicaba; São Paulo,Universidade Federal do Rio Grande do Sul (UFRGS); especialização em Reabilitação em Paisagens Degradadas na ESALQ; Jardinagem no DEPAVE,Artes Plásticas concluídas em 1985; ESALQ 2003; DEPAVE 2004,https://fosseisurbanos.com.br/fosseis-urbanos-fernando-limberger | https://www.esalq.usp.br/acom/clipping_semanal/2012/3marco/25_a_02/files/assets/downloads/page0013.pdf,https://fosseisurbanos.com.br/fosseis-urbanos-fernando-limberger | https://www.esalq.usp.br/acom/clipping_semanal/2012/3marco/25_a_02/files/assets/downloads/page0013.pdf,https://fosseisurbanos.com.br/fosseis-urbanos-fernando-limberger | https://www.esalq.usp.br/acom/clipping_semanal/2012/3marco/25_a_02/files/assets/downloads/page0013.pdf,"Além da formação artística, a fonte registra formações complementares ligadas ao paisagismo.",alta
Niura Bellavinha,Belo Horizonte (MG); Nova York (EUA),Escola Guignard; Universidade Federal de Minas Gerais (UFMG); Parsons School of Design,1976-1977; 1982-1984,https://www.niurabellavinha.com.br/biografia | https://pt.wikipedia.org/wiki/Niura_Bellavinha,https://www.niurabellavinha.com.br/biografia | https://pt.wikipedia.org/wiki/Niura_Bellavinha,https://www.niurabellavinha.com.br/biografia | https://pt.wikipedia.org/wiki/Niura_Bellavinha,As fontes também registram oficinas e orientação de Amílcar de Castro.,alta
Giuseppe Morrocchi,,,,,,,biografia localizada; formação não localizada com segurança,
Renata Barros,"São Paulo, Brasil; Paris, França",Fundação Armando Álvares Penteado (FAAP); Atelier des Beaux Arts,1981; c. 1982–1984,https://enciclopedia.itaucultural.org.br/pessoas/5195-renata-barros ; https://mapa.pacodasartes.org.br/page.php?id=85905463-b0a1-481d-ae03-7671a882f149&name=artistas&op=detalhe,https://enciclopedia.itaucultural.org.br/pessoas/5195-renata-barros ; https://mapa.pacodasartes.org.br/page.php?id=85905463-b0a1-481d-ae03-7671a882f149&name=artistas&op=detalhe,https://enciclopedia.itaucultural.org.br/pessoas/5195-renata-barros ; https://mapa.pacodasartes.org.br/page.php?id=85905463-b0a1-481d-ae03-7671a882f149&name=artistas&op=detalhe,"também estuda com Vick Machado, Carlos Fajardo e outros em ateliê",alta
Sérgio Fingermann,"São Paulo, Brasil",Fundação Armando Álvares Penteado (FAAP),1970s,fontes biográficas de referência,fontes biográficas de referência,fontes biográficas de referência,datas aproximadas,media
James Kudo,São Paulo (SP); Nova York (EUA),Faculdade de Belas Artes de São Paulo; Art Students League,1990; 1992-1994,https://jojoscope.net/2011/08/27/as-topofilias-de-james-kudo/ | https://olharincomum.webnode.page/artistas/james-kudo/,https://jojoscope.net/2011/08/27/as-topofilias-de-james-kudo/ | https://olharincomum.webnode.page/artistas/james-kudo/,https://jojoscope.net/2011/08/27/as-topofilias-de-james-kudo/ | https://olharincomum.webnode.page/artistas/james-kudo/,,alta
Regina Silveira,"Porto Alegre, Brasil; São Paulo, Brasil",Instituto de Artes da UFRGS; Escola de Comunicações e Artes da USP,1959; 1980–1984,https://reginasilveira.c2midia.com.br/sobre-a-artista/,https://reginasilveira.c2midia.com.br/sobre-a-artista/,https://reginasilveira.c2midia.com.br/sobre-a-artista/,graduação na UFRGS; depois mestrado e doutorado na ECA/USP,alta
Laura Cesana,Brasil; Roma; Nova York; Lisboa; Boston,Temple University (Roma); Art Students League de New York; Universidade de Roma; Escola Superior de Educação pela Arte de Lisboa; Boston University,sem datas exatas na fonte,https://www.cps.pt/pt/artistas/laura-cesana | https://www.lauracesana.com/backgroundpt.html,https://www.cps.pt/pt/artistas/laura-cesana | https://www.lauracesana.com/backgroundpt.html | https://www.serigrafiaseafins.pt/post/arteemdestaque-laura-cesana,,"A fonte lista várias etapas formativas, mas sem cronologia detalhada de cada curso livre.",media
Sonia von Brüsky,Rio de Janeiro (RJ); Bruxelas; Munique,Museu de Arte Moderna do Rio de Janeiro (MAM-RJ); ateliê de Ivan Serpa; Escola de Artes Visuais do Parque Lage (EAV-Parque Lage),1967; 1974,https://enciclopedia.itaucultural.org.br/pessoas/177-sonia-von-brusky | https://acervo.macrs.rs.gov.br/artistas-macrs/sonia-von-brusky/,https://enciclopedia.itaucultural.org.br/pessoas/177-sonia-von-brusky | https://acervo.macrs.rs.gov.br/artistas-macrs/sonia-von-brusky/,https://enciclopedia.itaucultural.org.br/pessoas/177-sonia-von-brusky | https://acervo.macrs.rs.gov.br/artistas-macrs/sonia-von-brusky/,As fontes indicam formação inicial no Rio e aperfeiçoamento posterior na Europa.,alta
Crisaldo Morais,,,,,,,fontes indicam formação em economia e percurso autodidata na pintura; instituição não localizada,
Romero Britto,"Recife, Brasil",,,https://www.siennafineart.com/romero-britto-biography,,,biografias consultadas enfatizam trajetória autodidata; sem escola formal confirmada,media
Roberto Okinaka,"São Paulo, Brasil; Osaka, Japão",Fundação Armando Álvares Penteado (FAAP); estudos em Osaka,,https://www.smartgallery.com.br/categoria/arte-japonesa-no-brasil/roberto-okinaka/,https://www.smartgallery.com.br/categoria/arte-japonesa-no-brasil/roberto-okinaka/,,"fonte secundária recente; informa formação na FAAP e complementação de estudos em Osaka, sem datas",media
Lydia Okumura,"São Paulo, Brasil; Nova York, EUA",Fundação Armando Alvares Penteado; Pratt Graphic Art Center,,MAC_consolidado_normalized.csv / nationality_progress_update.csv,MAC_consolidado_normalized.csv / nationality_progress_update.csv,,dados recuperados de base auxiliar; datas não localizadas,alta
Ayao Okamoto,São Paulo (SP),Fundação Armando Alvares Penteado (FAAP); Escola de Comunicações e Artes da Universidade de São Paulo (ECA-USP),1980; 2003; 2009,https://www.escavador.com/sobre/355844/ayao-okamoto | https://www.ayaookamoto.art.br/sobre,https://www.escavador.com/sobre/355844/ayao-okamoto | https://www.ayaookamoto.art.br/sobre,https://www.escavador.com/sobre/355844/ayao-okamoto,"As fontes indicam graduação em Artes Plásticas, mestrado e doutorado.",alta
Herman Tacasey,São Paulo (SP),Fundação Armando Alvares Penteado (FAAP); Universidade Paulista (UNIP),1986; 2020,https://www.escavador.com/sobre/8418747/herman-tacasey,https://www.escavador.com/sobre/8418747/herman-tacasey,https://www.escavador.com/sobre/8418747/herman-tacasey,A fonte consultada explicita licenciatura em Artes Plásticas e mestrado em Comunicação.,alta
Takashi Fukushima,"Tóquio, Japão",Muso School of Fine Arts,1940,Enciclopédia Itaú Cultural / fontes biográficas de referência,Enciclopédia Itaú Cultural / fontes biográficas de referência,Enciclopédia Itaú Cultural / fontes biográficas de referência,,alta
Jean Rustin,Paris,École des Beaux-Arts; ateliê de Nicolas Untersteller,a partir de 1947,https://en.wikipedia.org/wiki/Jean_Rustin | https://www.jean-rustin.com/blank-2,https://en.wikipedia.org/wiki/Jean_Rustin | https://www.jean-rustin.com/blank-2,https://www.jean-rustin.com/blank-2 | https://en.wikipedia.org/wiki/Jean_Rustin,,alta
Francisco Cuoco,"São Paulo, Brasil; São Paulo, Brasil",Escola de Belas Artes de São Paulo; Museu de Arte de São Paulo (MASP),s.d.; 1951,https://blombo.com/artistas/francisco-cuoco/artistas/francisco-cuoco,https://blombo.com/artistas/francisco-cuoco/artistas/francisco-cuoco,https://blombo.com/artistas/francisco-cuoco/artistas/francisco-cuoco,"entrada usada para o artista plástico homônimo, não o ator",baixa
Charlote Gross,,,,,,,grafia possivelmente variante; não foi possível desambiguar com segurança,
Leonilson,"São Paulo, Brasil; São Paulo, Brasil",Fundação Armando Álvares Penteado (FAAP); Escola de Artes Aster,1977–1980; 1978–1981,https://museuvictormeirelles.museus.gov.br/um-ponto-e-outro/n-1-leonilson/n-1-leonilson-biografia/,https://museuvictormeirelles.museus.gov.br/um-ponto-e-outro/n-1-leonilson/n-1-leonilson-biografia/,https://museuvictormeirelles.museus.gov.br/um-ponto-e-outro/n-1-leonilson/n-1-leonilson-biografia/,"aulas com Nelson Leirner, Júlio Plaza e Regina Silveira na FAAP",alta
Maria Tereza Louro,São Paulo (SP),Fundação Armando Alvares Penteado (FAAP); Escola de Comunicações e Artes da Universidade de São Paulo (ECA-USP),1984; 1985; 1991; 2000,https://www.escavador.com/sobre/2433848/maria-tereza-figueiredo-das-neves-louro | https://arteref.com/artista-da-semana/conheca-a-arte-de-maria-tereza-louro/,https://www.escavador.com/sobre/2433848/maria-tereza-figueiredo-das-neves-louro | https://arteref.com/artista-da-semana/conheca-a-arte-de-maria-tereza-louro/,https://www.escavador.com/sobre/2433848/maria-tereza-figueiredo-das-neves-louro,"A fonte acadêmica recuperada lista graduação, especializações e mestrado.",alta
Shirley Paes Leme,"Berkeley, Califórnia, EUA","University of California, Berkeley",,MAC_consolidado_normalized.csv / nationality_refined_dataset.csv,MAC_consolidado_normalized.csv / nationality_refined_dataset.csv,,dados recuperados de base auxiliar; datas não localizadas,alta
Marco Giannotti,"São Paulo, Brasil; São Paulo, Brasil","Faculdade de Filosofia, Letras e Ciências Humanas da USP; curso de desenho e gravura em metal com Sérgio Fingermann",1988; a partir de 1980,https://www.escritoriodearte.com/artista/marco-giannotti,https://www.escritoriodearte.com/artista/marco-giannotti,https://bv.fapesp.br/pt/pesquisador/54773/marco-garaude-giannotti,formação combina filosofia na USP e estudo artístico com Sérgio Fingermann,alta
Júnior Suci,,Universidade Estadual Paulista Júlio de Mesquita Filho (UNESP); Instituto de Artes da Universidade Estadual de Campinas (UNICAMP),,,Memorial da América Latina; Casa Museu Ema Klabin,,instituições identificadas; datas dos estudos não localizadas com precisão,alta
Felipe Cama,São Paulo (SP),Escola de Comunicações e Artes da Universidade de São Paulo (ECA-USP); Fundação Armando Alvares Penteado (FAAP),,https://www.premiopipa.com/pag/felipe-cama/,https://www.premiopipa.com/pag/felipe-cama/,,"A fonte consultada informa as instituições, mas não traz cronologia detalhada.",media
Claudio Cretti,"São Paulo, Brasil; São Paulo, Brasil",Instituto de Arte e Decoração (Iade); Escola de Belas Artes,1981–1983; 1984,https://amgaleria.com.br/artista/claudio-cretti/ ; https://enciclopedia.itaucultural.org.br/pessoas/3685-claudio-cretti,https://amgaleria.com.br/artista/claudio-cretti/ ; https://enciclopedia.itaucultural.org.br/pessoas/3685-claudio-cretti,https://amgaleria.com.br/artista/claudio-cretti/ ; https://enciclopedia.itaucultural.org.br/pessoas/3685-claudio-cretti,abandona o curso de artes plásticas no mesmo ano de ingresso,alta
Gustavo Von Ha,Presidente Prudente; São Paulo,Universidade do Oeste Paulista; grupo de pesquisa de Leda Catunda na Faculdade Santa Marcelina; PIESP,1998-2002; 2005; 2010,https://pt.wikipedia.org/wiki/Gustavo_von_Ha | https://enciclopedia.itaucultural.org.br/pessoa365941/gustavo-von-ha,https://pt.wikipedia.org/wiki/Gustavo_von_Ha | https://enciclopedia.itaucultural.org.br/pessoa365941/gustavo-von-ha,https://pt.wikipedia.org/wiki/Gustavo_von_Ha | https://enciclopedia.itaucultural.org.br/pessoa365941/gustavo-von-ha,,alta
Teresa Viana,"Rio de Janeiro, Brasil",Escola de Artes Visuais do Parque Lage,,place_of_birth_tiered_dataset.csv,place_of_birth_tiered_dataset.csv,,dados recuperados de base auxiliar; datas não localizadas,alta
Sérgio Ferro,"São Paulo, Brasil",Faculdade de Arquitetura e Urbanismo da Universidade de São Paulo,1957–1962,fontes biográficas de referência,fontes biográficas de referência,fontes biográficas de referência,formação principal em arquitetura,alta
Alfredo Nicolaievsky,"Porto Alegre, Brasil; Porto Alegre, Brasil",Atelier Livre de Porto Alegre; Universidade Federal do Rio Grande do Sul,desde a adolescência; 1976,https://pt.wikipedia.org/wiki/Alfredo_Nicolaiewsky,https://pt.wikipedia.org/wiki/Alfredo_Nicolaiewsky,https://pt.wikipedia.org/wiki/Alfredo_Nicolaiewsky,formação artística no Atelier Livre e graduação em arquitetura na UFRGS,media
Hildebrando de Castro,Rio de Janeiro; Paris; Nova York,formação autodidata; estudos com tinta a óleo em Nova York,início artístico no fim dos anos 1970; dois anos em Paris; aperfeiçoamento em Nova York a partir de 1999,https://www.hildebrandodecastro.com.br/about-5 | https://www.zippergaleria.com.br/artistas/hildebrando-de-castro/sobre/ | https://paulodarzegaleria.com.br/artistas/hildebrando-de-castro/,https://www.hildebrandodecastro.com.br/about-5 | https://www.zippergaleria.com.br/artistas/hildebrando-de-castro/sobre/ | https://paulodarzegaleria.com.br/artistas/hildebrando-de-castro/,https://www.zippergaleria.com.br/artistas/hildebrando-de-castro/sobre/ | https://paulodarzegaleria.com.br/artistas/hildebrando-de-castro/,As fontes qualificam explicitamente o artista como autodidata; os estudos posteriores com óleo aparecem sem escola formal nomeada.,media
Manuel Alvarez,,,,,,,nome muito genérico; não foi possível desambiguar com segurança,
Tatiana Blass,"São Paulo, Brasil",Universidade Estadual Paulista (UNESP),1998–2001,https://pt.wikipedia.org/wiki/Tatiana_Blass,https://pt.wikipedia.org/wiki/Tatiana_Blass,https://pt.wikipedia.org/wiki/Tatiana_Blass,,alta
Ciro Cozzolino,São Paulo,Instituto de Artes e Decorações (Iadê),1975-1979,https://enciclopedia.itaucultural.org.br/pessoas/2217-ciro-cozzolino | https://www.catalogodasartes.com.br/artista/Ciro%20Cozzolino/,https://enciclopedia.itaucultural.org.br/pessoas/2217-ciro-cozzolino | https://www.catalogodasartes.com.br/artista/Ciro%20Cozzolino/,https://enciclopedia.itaucultural.org.br/pessoas/2217-ciro-cozzolino | https://www.catalogodasartes.com.br/artista/Ciro%20Cozzolino/,,alta
Deborah Paiva,São Paulo,Universidade de São Paulo (USP),,https://www.mac.usp.br/mac/conteudo/cursoseventos/mac_encontra/2013_1/deborahpaiva.asp | https://janainatorres.com.br/deborah-paiva-1950-2022-uma-antologia/,https://www.mac.usp.br/mac/conteudo/cursoseventos/mac_encontra/2013_1/deborahpaiva.asp,,A fonte recuperada informa que a artista era formada em História pela USP; não localizei datas de estudo em fonte aberta confiável.,alta
Paulo Whitaker,Santa Catarina,Universidade para o Desenvolvimento do Estado de Santa Catarina (Udesc/SC),formação concluída em 1984,https://enciclopedia.itaucultural.org.br/pessoas/2240-paulo-whitaker | https://www.referenciagaleria.com.br/artista/paulo-whitaker/,https://enciclopedia.itaucultural.org.br/pessoas/2240-paulo-whitaker | https://www.referenciagaleria.com.br/artista/paulo-whitaker/,https://enciclopedia.itaucultural.org.br/pessoas/2240-paulo-whitaker | https://www.referenciagaleria.com.br/artista/paulo-whitaker/,,alta
Sérgio Sister,"São Paulo, Brasil; São Paulo, Brasil",Fundação Armando Álvares Penteado (FAAP); ateliê de Ernestina Karman,1964–1967; 1965–1967,https://enciclopedia.itaucultural.org.br/pessoas/1045-sergio-sister,https://enciclopedia.itaucultural.org.br/pessoas/1045-sergio-sister,https://enciclopedia.itaucultural.org.br/pessoas/1045-sergio-sister,,alta
Carlos Zilio,Rio de Janeiro,Instituto de Belas Artes do Rio de Janeiro,c. 1960s,Wikipédia,Wikipédia,Wikipédia,identificado como artista; período aproximado,media
Caetano de Almeida,"São Paulo, Brasil; São Paulo, Brasil",Fundação Armando Álvares Penteado (FAAP); ateliês de gravura da Pinacoteca do Estado de São Paulo,1983–1988; c. 1984,https://www.guiadasartes.com.br/caetano-de-almeida; https://enciclopedia.itaucultural.org.br/pessoas/2090-caetano-de-almeida,https://www.guiadasartes.com.br/caetano-de-almeida,https://www.guiadasartes.com.br/caetano-de-almeida,Formação formal na FAAP e complementação nos ateliês de gravura da Pinacoteca.,alta
Fernando Lindote,Sul do Brasil,formação inicial como aluno do cartunista Renato Canini,início da trajetória artística; fins dos anos 1970,https://museudeartedorio.org.br/programacao/fernando-lindote-trair-macunaima-e-avacalhar-o-papagaio/ | https://www.iea.usp.br/pessoas/pasta-pessoaf/fernando-lindote | https://fvcb.com.br/acervo/artista/fernando-lindote/,https://museudeartedorio.org.br/programacao/fernando-lindote-trair-macunaima-e-avacalhar-o-papagaio/,https://www.iea.usp.br/pessoas/pasta-pessoaf/fernando-lindote | https://fvcb.com.br/acervo/artista/fernando-lindote/,A fonte do MAR explicita a condição de aluno de Renato Canini; não foi localizada instituição formal de artes nas fontes consultadas.,media
Marina Saleme,"Montreaux, Suíça; São Paulo, Brasil; São Paulo, Brasil",curso de desenho em Montreaux; Fundação Armando Álvares Penteado (FAAP); curso de desenho e pintura com Carlos Fajardo,1976; 1977–1982; 1981,https://www.luisastrina.com.br/artists/84-marina-saleme/biography/ ; https://www.escritoriodearte.com/artista/marina-saleme,https://www.luisastrina.com.br/artists/84-marina-saleme/biography/ ; https://www.escritoriodearte.com/artista/marina-saleme,https://www.luisastrina.com.br/artists/84-marina-saleme/biography/ ; https://www.escritoriodearte.com/artista/marina-saleme,"combina curso livre, licenciatura e formação complementar",alta
Camille Kachani,Brasil,formação em fotografia e pintura; estudos em Economia e História (instituições não identificadas na fonte),,https://pt.wikipedia.org/wiki/Camille_Kachani,https://pt.wikipedia.org/wiki/Camille_Kachani,,"As áreas de formação aparecem na fonte, mas sem nome de instituição; mantida redação conservadora.",baixa
Bruno Dunley,"São Paulo, Brasil; São Paulo, Brasil",Faculdade Santa Marcelina; Senac São Paulo,s.d.; s.d.,https://dasartes.com.br/artistas/bruno-dunley/,https://dasartes.com.br/artistas/bruno-dunley/,https://dasartes.com.br/artistas/bruno-dunley/,"As fontes vistas confirmam as instituições, mas não trazem no trecho datas precisas de frequência.",media
Artur Barrio,"Rio de Janeiro, Brasil",Escola de Belas Artes,1967,https://pt.wikipedia.org/wiki/Artur_Barrio,https://pt.wikipedia.org/wiki/Artur_Barrio,https://pt.wikipedia.org/wiki/Artur_Barrio,A fonte consultada não especifica no trecho o nome institucional completo da escola.,media
Rodrigo Bivar,São Paulo,Fundação Armando Álvares Penteado (FAAP),,https://www.premiopipa.com/pag/artistas/rodrigo-bivar/,https://www.premiopipa.com/pag/artistas/rodrigo-bivar/,,"A fonte informa graduação em artes plásticas pela FAAP, sem detalhar as datas.",alta
Zed Nesti,"São Paulo, Brasil",Fundação Armando Álvares Penteado (FAAP),s.d.,https://www.youtube.com/zednestistudio/videos,https://www.youtube.com/zednestistudio/videos,https://www.youtube.com/zednestistudio/videos,fonte pública de perfil do artista informa curso na FAAP; datas não localizadas,media
Vânia Mignone,Campinas (SP),UNICAMP; PUC-Campinas,formação concluída em 1989,https://www.guiadasartes.com.br/vania-mignone/obras-e-biografia,https://www.guiadasartes.com.br/vania-mignone/obras-e-biografia,https://www.guiadasartes.com.br/vania-mignone/obras-e-biografia,A fonte informa Artes Plásticas na UNICAMP e Publicidade na PUC-Campinas.,alta
Germana Monte-Mór,"Rio de Janeiro, Brasil; São Paulo, Brasil; São Paulo, Brasil",Instituto de Filosofia e Ciências Sociais da UFRJ; Fundação Armando Álvares Penteado (FAAP); Escola de Comunicações e Artes da USP,1982; 1989; 2002,https://galerialeme.com/artist/germana-monte-mor/ ; https://galeriaestacao.com.br/documents/portfolio_95_f22dd-portfolio-germana-monte-mor-%28portugues%29-.pdf,https://galerialeme.com/artist/germana-monte-mor/ ; https://galeriaestacao.com.br/documents/portfolio_95_f22dd-portfolio-germana-monte-mor-%28portugues%29-.pdf,https://galerialeme.com/artist/germana-monte-mor/ ; https://galeriaestacao.com.br/documents/portfolio_95_f22dd-portfolio-germana-monte-mor-%28portugues%29-.pdf,fontes também registram estudo de gravura na Escolinha de Arte do Brasil,alta
Gerhard Richter,"Dresden, Alemanha; Düsseldorf, Alemanha",Dresden Academy of Fine Arts; Kunstakademie Düsseldorf,1951–1956; 1961–1963,https://gerhard-richter-archiv.skd.museum/en/about-us/gerhard-richter/,https://gerhard-richter-archiv.skd.museum/en/about-us/gerhard-richter/,https://gerhard-richter-archiv.skd.museum/en/about-us/gerhard-richter/,,alta
Alzira Fragoso,,,,,,,biografia localizada; formação não localizada com segurança,
José Carlos Martinat,"Lima, Peru",Pontificia Universidad Católica del Perú,1990s,fontes biográficas de referência,fontes biográficas de referência,fontes biográficas de referência,datas aproximadas,media
Renata Pedrosa,São Paulo,Pontifícia Universidade Católica de São Paulo (PUC-SP); Escola de Comunicações e Artes da Universidade de São Paulo (ECA-USP),2004; 2011 (qualificação de doutorado em Poéticas Visuais),https://www.escavador.com/sobre/3341664/renata-pedrosa | https://teresaberlinck.com.br/curriculo/,https://www.escavador.com/sobre/3341664/renata-pedrosa,https://www.escavador.com/sobre/3341664/renata-pedrosa,A fonte recuperada é de currículo acadêmico; informação artística complementar não especifica outras formações.,media
Helen Faganello,Penápolis; São Paulo,"Faculdade de Ciências e Letras de Penápolis; formação continuada com Rodrigo Naves, Carlos Fajardo, Leda Catunda, Sérgio Romagnolo e Ana Tavares; grupo de estudos Ateliê Fidalga",formação artística continuada a partir de 1997,https://www.catalogodasartes.com.br/artista/Helen%20Faganello/ | https://helenfaganello.blogspot.com/p/curriculo.html,https://www.catalogodasartes.com.br/artista/Helen%20Faganello/ | https://helenfaganello.blogspot.com/p/curriculo.html,https://www.catalogodasartes.com.br/artista/Helen%20Faganello/,A formação listada é composta por graduação e formação continuada com artistas/professores.,media
Manoel Veiga,Recife; Paris; Nova York,Escolinha de Arte do Recife; Escola Nacional Superior de Belas-Artes; Escola do Louvre; workshop em Nova York,1994-1995; 1997; 1998,https://www.sp.senac.br/sites/artenosenac/Manoel-Veiga_.html | https://www.catalogodasartes.com.br/artista/Manoel%20Veiga/,https://www.sp.senac.br/sites/artenosenac/Manoel-Veiga_.html | https://www.catalogodasartes.com.br/artista/Manoel%20Veiga/,https://www.sp.senac.br/sites/artenosenac/Manoel-Veiga_.html,As fontes também mencionam orientação de Gil Vicente entre 1995 e 1997.,alta
Mariana Manhães,Niterói; Rio de Janeiro,Universidade Federal Fluminense (UFF); Escola de Artes Visuais do Parque Lage; Universidade Federal do Rio de Janeiro (UFRJ),Psicologia concluída em 2001; formação artística 1997-2005; mestrado concluído em 2012,https://eavparquelage.rj.gov.br/professor/mariana-manhaes | https://www.catalogodasartes.com.br/artista/Mariana%20Manhaes%20%20-%20Mariana%20Manh%EF%BF%BDes%20/,https://eavparquelage.rj.gov.br/professor/mariana-manhaes | https://www.catalogodasartes.com.br/artista/Mariana%20Manhaes%20%20-%20Mariana%20Manh%EF%BF%BDes%20/,https://eavparquelage.rj.gov.br/professor/mariana-manhaes | https://www.catalogodasartes.com.br/artista/Mariana%20Manhaes%20%20-%20Mariana%20Manh%EF%BF%BDes%20/,A cronologia da formação artística e acadêmica aparece com clareza nas fontes.,alta
Luiz Martins,São Paulo,Faculdade Belas Artes de São Paulo,,https://www.galeriabase.com.br/luiz-martins | https://artbluumbrazil.com/luiz-martins/,https://www.galeriabase.com.br/luiz-martins | https://artbluumbrazil.com/luiz-martins/,,"As fontes confirmam graduação em artes visuais, sem ano de conclusão.",alta
Jaime Prades,Ouro Preto; São Paulo,Festival de Inverno de Ouro Preto; Ateliê 76; Escola Contemporânea de Artes,1973; 1975; 1977-1978,https://jaimeprades.art.br/?area=5&item=59&lang=_en&sec=404 | https://zupi.space/acervo/artistas/jaime-prades/,https://jaimeprades.art.br/?area=5&item=59&lang=_en&sec=404 | https://zupi.space/acervo/artistas/jaime-prades/,https://jaimeprades.art.br/?area=5&item=59&lang=_en&sec=404 | https://zupi.space/acervo/artistas/jaime-prades/,"Inclui cursos livres e formação não universitária, como descritos pelo próprio artista.",alta
Ismênia Coaracy,São Paulo,"Escola de Artesanato do Museu de Arte Moderna de São Paulo (MAM/SP); estudos com Wolfgang Pfeiffer, Paulo Duarte e André Osze",1956-1958; 1956; c.1960,https://enciclopedia.itaucultural.org.br/pessoas/2135-ismenia-coaracy | https://acervo.margs.rs.gov.br/artistas/ismenia-coaracy/,https://enciclopedia.itaucultural.org.br/pessoas/2135-ismenia-coaracy | https://acervo.margs.rs.gov.br/artistas/ismenia-coaracy/,https://enciclopedia.itaucultural.org.br/pessoas/2135-ismenia-coaracy | https://acervo.margs.rs.gov.br/artistas/ismenia-coaracy/,A fonte também indica início autodidata por volta de 1946.,alta
Egon Schiele,"Viena, Áustria",Akademie der bildenden Künste Wien,1906–1909,fontes biográficas de referência,fontes biográficas de referência,fontes biográficas de referência,,alta
Luis Enrique Silvestre Guerra,Havana,Instituto Superior de Diseño Industrial; Instituto Superior de Arte (ISA),1984-1986; 1988-1993,https://luisenriquesilvestre.wixsite.com/artist/about | https://www.zapatagallery.com/artists/luis-enrique-silvestre-guerra,https://luisenriquesilvestre.wixsite.com/artist/about,https://luisenriquesilvestre.wixsite.com/artist/about,,alta
Alexandre Cruz (Sesper),,,,,,,"biografia localizada em fontes institucionais, sem dados de formação formal",
Lucy Citti Ferreira,Le Havre; Paris; São Paulo,Escola de Belas Artes do Havre; École des Beaux-Arts de Paris; estudos com Lasar Segall,1930; 1932-1934; 1935-1946,https://pt.wikipedia.org/wiki/Lucy_Citti_Ferreira | https://www.escritoriodearte.com/artista/lucy-citti-ferreira,https://pt.wikipedia.org/wiki/Lucy_Citti_Ferreira | https://www.escritoriodearte.com/artista/lucy-citti-ferreira,https://pt.wikipedia.org/wiki/Lucy_Citti_Ferreira | https://www.escritoriodearte.com/artista/lucy-citti-ferreira,,alta
Nilda Neves,Brumado (BA),curso de contabilidade (instituição não identificada na fonte),sem data precisa,https://www.catalogodasartes.com.br/artista/Nilda%20Neves/ | https://www.centralgaleria.com/exposicoes/nildaneves-visagens,https://www.catalogodasartes.com.br/artista/Nilda%20Neves/,,"A fonte confirma estudo de contabilidade, mas não informa a instituição.",baixa
Autoria não identificada,,,,,,,autoria não identificada no próprio registro,
Donald Urquhart,Edimburgo; Madri,Edinburgh College of Art; Royal Academy Study Course at the Prado Museum,1978-1982; 1982,https://www.royalscottishacademy.org/exhibitions/210-donald-urquhart-rsa/overview | https://pssauk.org/public-sculpture-of-britain/biography/urquhart-donald/ | https://www.royalscottishacademy.org/publications/118-donald-urquhart-sketchbook/,https://www.royalscottishacademy.org/exhibitions/210-donald-urquhart-rsa/overview | https://pssauk.org/public-sculpture-of-britain/biography/urquhart-donald/,https://pssauk.org/public-sculpture-of-britain/biography/urquhart-donald/ | https://www.royalscottishacademy.org/publications/118-donald-urquhart-sketchbook/,,alta
Ana Teixeira,"São Paulo, Brasil",Faculdade de Arquitetura e Urbanismo da Universidade de São Paulo,1980s,fontes biográficas de referência,fontes biográficas de referência,fontes biográficas de referência,datas aproximadas,media
Francisco Biojone,Campinas,início de estudos de pintura em Campinas,a partir de 1950,https://www.iar.unicamp.br/vanguardasemcampinas/catalogos/downloads/individuais/biojone.pdf | https://acervo.margs.rs.gov.br/artistas/francisco-biojone/,https://www.iar.unicamp.br/vanguardasemcampinas/catalogos/downloads/individuais/biojone.pdf,https://www.iar.unicamp.br/vanguardasemcampinas/catalogos/downloads/individuais/biojone.pdf | https://acervo.margs.rs.gov.br/artistas/francisco-biojone/,As fontes localizadas não identificam escola ou mestre específico; mantida formulação conservadora.,baixa
Carlito Contini,"São Paulo, Brasil",Fundação Armando Alvares Penteado,,place_of_birth_tiered_dataset.csv,place_of_birth_tiered_dataset.csv,,dados recuperados de base auxiliar; datas não localizadas,alta
Gabriela Albergaria,"Porto, Portugal",Faculdade de Belas-Artes da Universidade do Porto,,https://pt.wikipedia.org/wiki/Gabriela_Albergaria,https://pt.wikipedia.org/wiki/Gabriela_Albergaria,,licenciatura em pintura; datas não localizadas,media
Osvaldo Carvalho,Rio de Janeiro; Niterói; São Paulo,EAV-Parque Lage; Oficina de Escultura do Museu do Ingá; ECA-USP,sem datas exatas nas fontes; mestrado concluído antes da atuação documentada em 2000,https://www.catalogodasartes.com.br/artista/Osvaldo%20Carvalho/ | https://zbgaleriadearte.com.br/artista/osvaldo-carvalho/ | https://galeriadearte.acervos.ufsc.br/os-artistas/osvaldo-carvalho/,https://www.catalogodasartes.com.br/artista/Osvaldo%20Carvalho/ | https://zbgaleriadearte.com.br/artista/osvaldo-carvalho/ | https://galeriadearte.acervos.ufsc.br/os-artistas/osvaldo-carvalho/,https://www.catalogodasartes.com.br/artista/Osvaldo%20Carvalho/ | https://zbgaleriadearte.com.br/artista/osvaldo-carvalho/,"As fontes convergem em estudos no Parque Lage e Museu do Ingá, além do título de mestre em Poéticas Visuais pela ECA-USP.",alta
Moisés Patrício,São Paulo,Escola de Comunicações e Artes da Universidade de São Paulo (ECA-USP),,https://galeriaestacao.com.br/documents/portfolio_100_df714-portfolio-moises-patricio-%28portugues%29-.pdf | https://amlatina.contemporaryand.com/pt/people/moises-patricio/0/ | https://acervo.macrs.rs.gov.br/artistas-macrs/moises-patricio/,https://galeriaestacao.com.br/documents/portfolio_100_df714-portfolio-moises-patricio-%28portugues%29-.pdf | https://amlatina.contemporaryand.com/pt/people/moises-patricio/0/ | https://acervo.macrs.rs.gov.br/artistas-macrs/moises-patricio/,,"As fontes consultadas confirmam a formação na ECA-USP, mas não trazem cronologia detalhada.",alta
Teresa Berlinck,São Paulo,Faculdade Santa Marcelina (FASM),mestrado concluído em 2006,https://teresaberlinck.com.br/curriculo/,https://teresaberlinck.com.br/curriculo/,https://teresaberlinck.com.br/curriculo/,"A página consultada só explicita o mestrado em Produção, Teoria e Crítica em Artes Visuais.",media
Joaquim Manuel da Rocha,"Lisboa, Portugal",Casa Pia / formação com João Glama,s.d.,fontes biográficas de referência,fontes biográficas de referência,fontes biográficas de referência,formação pouco documentada; registro mantido em nível conservador,baixa
Augusto Rodrigues Duarte,Rio de Janeiro; Paris,Academia Imperial de Belas Artes; Escola Superior de Belas Artes,matrícula em 1866; aperfeiçoamento em Paris entre 1874 e 1879,https://pt.wikipedia.org/wiki/Augusto_Rodrigues_Duarte,https://pt.wikipedia.org/wiki/Augusto_Rodrigues_Duarte,https://pt.wikipedia.org/wiki/Augusto_Rodrigues_Duarte,A fonte indica também estudos com Léon Gérôme em Paris.,alta
José Júlio de Sousa Pinto,"Porto, Portugal; Paris, França",Academia Portuense de Belas Artes; École des Beaux-Arts,1870s; 1880–1883,fontes biográficas de referência,fontes biográficas de referência,fontes biográficas de referência,,media
Pedro Américo,"Rio de Janeiro, Brasil; Paris, França; Bruxelas, Bélgica",Academia Imperial de Belas Artes; École des Beaux-Arts; Université libre de Bruxelles,1855–1859; 1860s; 1868,fontes biográficas de referência,fontes biográficas de referência,fontes biográficas de referência,formação artística e acadêmica mais ampla,alta
José Malhoa,"Lisboa, Portugal",Academia Real de Belas-Artes de Lisboa,1870s,fontes biográficas de referência,fontes biográficas de referência,fontes biográficas de referência,datas aproximadas,media
François Clouet,França,Formação com Jean Clouet (pai) / ateliê de Jean Clouet,até c. 1540,https://www.museothyssen.org/en/collection/artists/clouet-francois | https://en.wikipedia.org/wiki/Fran%C3%A7ois_Clouet,https://www.museothyssen.org/en/collection/artists/clouet-francois | https://en.wikipedia.org/wiki/Fran%C3%A7ois_Clouet,https://www.museothyssen.org/en/collection/artists/clouet-francois,A fonte informa treinamento com o pai; não há instituição formal nomeada.,media
Vincent van Gogh,"Antuérpia, Bélgica; Paris, França","Academy of Fine Arts, Antwerp; ateliê de Fernand Cormon",1886; 1886–1887,fontes biográficas de referência,fontes biográficas de referência,fontes biográficas de referência,,alta
Victor Meirelles,"Rio de Janeiro, Brasil",Academia Imperial de Belas Artes,1847–1853,https://museuvictormeirelles.museus.gov.br/exposicoes/longa-duracao/arquivo/victor-meirelles-construcao/,https://museuvictormeirelles.museus.gov.br/exposicoes/longa-duracao/arquivo/victor-meirelles-construcao/,https://museuvictormeirelles.museus.gov.br/exposicoes/longa-duracao/arquivo/victor-meirelles-construcao/,em 1853 segue em viagem de estudos para a Europa,alta
El Greco,Creta,Escola cretense (Cretan school),sem data exata na fonte,https://pt.wikipedia.org/wiki/El_Greco | https://www.el-greco-foundation.org/biography.html,https://pt.wikipedia.org/wiki/El_Greco | https://www.el-greco-foundation.org/biography.html,,"A formação inicial aparece como treinamento na tradição/Escola cretense, sem datas precisas.",media
Hércules Florence,Formação autodidata,,,https://heritage.bnf.fr/france-bresil/pt-br/hercule-florence-ou-o-genio-da-invencao | https://ihf19.org.br/pt-br/hercule-florence/inventos/fotografia,,,"As fontes destacam estudos autodidatas, inclusive em química; sem escola formal identificada.",media
unknown,,,,,,,creator registrado como 'unknown',
Raphaël Collin,"Paris, França",École des Beaux-Arts de Paris (atelier de Cabanel),1869–1873,https://cths.fr/an/savant.php?id=125219,https://cths.fr/an/savant.php?id=125219,https://cths.fr/an/savant.php?id=125219,,alta
Octave Tassaert,"Paris, França; Paris, França",aprendizado de gravura com Alexis-François Girard; École royale des beaux-arts de Paris,1816; 1817–1825,https://fr.wikipedia.org/wiki/Octave_Tassaert,https://fr.wikipedia.org/wiki/Octave_Tassaert,https://fr.wikipedia.org/wiki/Octave_Tassaert,,media
Armand Guillaumin,"Paris, França",Académie Suisse,1860s,fontes biográficas de referência,fontes biográficas de referência,fontes biográficas de referência,formação também ligada ao convívio com Pissarro e Cézanne,media
Rafael Frederico,Rio de Janeiro,Academia Imperial de Belas Artes (Aiba),1877 em diante,https://enciclopedia.itaucultural.org.br/pessoas/7385-rafael-frederico | https://www.catalogodasartes.com.br/artista/Rafael%20Frederico/,https://enciclopedia.itaucultural.org.br/pessoas/7385-rafael-frederico | https://www.catalogodasartes.com.br/artista/Rafael%20Frederico/,https://enciclopedia.itaucultural.org.br/pessoas/7385-rafael-frederico,A fonte aberta também informa depois atuação como assistente de Zeferino da Costa.,alta
Q10288297,,,,,,,identificador Wikidata sem nome legível no CSV; formação não localizada com segurança,
Agostinho José da Mota,"Rio de Janeiro, Brasil; Roma, Itália",Academia Imperial de Belas Artes; Accademia di San Luca,1840s; 1850s,fontes biográficas de referência,fontes biográficas de referência,fontes biográficas de referência,datas aproximadas,media
Jean-Baptiste Debret,"Paris, França",École des Beaux-Arts / ateliê de Jacques-Louis David,fim do século XVIII,fontes biográficas de referência,fontes biográficas de referência,fontes biográficas de referência,registro combinando escola e formação em ateliê,media
Alejandro Cicarelli,"Nápoles, Itália; Roma, Itália",Instituto de Bellas Artes de Nápoles; estudos em Roma,s.d.; s.d.,https://es.wikipedia.org/wiki/Alejandro_Cicarelli,https://es.wikipedia.org/wiki/Alejandro_Cicarelli,https://es.wikipedia.org/wiki/Alejandro_Cicarelli,,media
Mário Navarro da Costa,"Nápoles, Itália",Accademia di Belle Arti,1914,https://portalartes.com.br/hist%C3%B3ria/biografias/pintores-modernos/m%C3%A1rio-navarro-da-costa.html,https://portalartes.com.br/hist%C3%B3ria/biografias/pintores-modernos/m%C3%A1rio-navarro-da-costa.html,https://portalartes.com.br/hist%C3%B3ria/biografias/pintores-modernos/m%C3%A1rio-navarro-da-costa.html,a fonte também registra estudo com José Maria de Medeiros e Rodolfo Amoedo e frequência a ateliês em Nápoles,media
Abel-Dominique Boyé,Bordeaux; Paris,École des beaux-arts de Bordeaux; École nationale supérieure des beaux-arts de Paris,a partir de 1881; desde 1883 em Paris,https://pt.wikipedia.org/wiki/Abel-Dominique_Boy%C3%A9 | https://franco.wiki/fr/Abel-Dominique_Boy%C3%A9.html,https://pt.wikipedia.org/wiki/Abel-Dominique_Boy%C3%A9 | https://franco.wiki/fr/Abel-Dominique_Boy%C3%A9.html,https://pt.wikipedia.org/wiki/Abel-Dominique_Boy%C3%A9 | https://franco.wiki/fr/Abel-Dominique_Boy%C3%A9.html,,alta
Ernest Ange Duez,"Paris, França",École des Beaux-Arts de Paris,s.d.,https://fr.wikipedia.org/wiki/Ernest_Ange_Duez,https://fr.wikipedia.org/wiki/Ernest_Ange_Duez,https://fr.wikipedia.org/wiki/Ernest_Ange_Duez,aluno nos ateliês de Isidore Pils e Carolus-Duran,media
Aurélio de Figueiredo,"Rio de Janeiro, RJ; Florença, Itália",Academia Imperial de Belas Artes,1870s; 1876–1878,https://enciclopedia.itaucultural.org.br/pessoas/3417-aurelio-de-figueiredo ; https://pt.wikipedia.org/wiki/Aur%C3%A9lio_de_Figueiredo,https://enciclopedia.itaucultural.org.br/pessoas/3417-aurelio-de-figueiredo,https://pt.wikipedia.org/wiki/Aur%C3%A9lio_de_Figueiredo,"em Florença estudou com Antonio Ciseri, Nicolò Barabino e Stefano Ussi; fontes consultadas não indicam escola formal nesse período",media
"Félix Taunay, Baron of Taunay",França; Rio de Janeiro,formação artística com Nicolas-Antoine Taunay (pai),antes de 1824; sem datas precisas na fonte,https://pt.wikipedia.org/wiki/F%C3%A9lix_%C3%89mile_Taunay,https://pt.wikipedia.org/wiki/F%C3%A9lix_%C3%89mile_Taunay,https://pt.wikipedia.org/wiki/F%C3%A9lix_%C3%89mile_Taunay,O creator na planilha aparece em inglês; os dados de formação correspondem a Félix-Émile Taunay.,media
Louis Buvelot,Lausanne (Suíça),Escola de Desenho de Lausanne; estudos com Marc Louis Arlaud,antes de 1835,https://enciclopedia.itaucultural.org.br/pessoas/7222-louis-buvelot,https://enciclopedia.itaucultural.org.br/pessoas/7222-louis-buvelot,https://enciclopedia.itaucultural.org.br/pessoas/7222-louis-buvelot,Fonte de Itaú Cultural explicita escola e professor.,alta
Fabio Fabbi,"Bolonha, Itália",Accademia di Belle Arti di Bologna,s.d.,https://www.treccani.it/enciclopedia/fabio-fabbi_%28Dizionario-Biografico%29/,https://www.treccani.it/enciclopedia/fabio-fabbi_%28Dizionario-Biografico%29/,https://www.treccani.it/enciclopedia/fabio-fabbi_%28Dizionario-Biografico%29/,depois transfere-se para Florença,alta
Jan van Kessel the Elder,Antuérpia,estudos com Simon de Vos; formação complementar com o pai e com Jan Brueghel the Younger,a partir dos 9 anos; sem datas completas na fonte,https://en.wikipedia.org/wiki/Jan_van_Kessel_the_Elder | https://www.nationalgallery.org.uk/artists/jan-van-kessel-the-elder,https://en.wikipedia.org/wiki/Jan_van_Kessel_the_Elder | https://www.nationalgalleries.org/art-and-artists/artists/jan-van-kessel,,"A formação é descrita por mestres e parentes artistas, não por escola única.",media
Felix Bernardelli,"Rio de Janeiro, Brasil; Roma, Itália",Academia Imperial de Belas Artes; estudos em Roma,1877; s.d.,https://www.escritoriodearte.com/artista/atiliano-felix-bernardelli,https://www.escritoriodearte.com/artista/atiliano-felix-bernardelli,https://www.escritoriodearte.com/artista/atiliano-felix-bernardelli,fonte confirma ingresso na Aiba e viagem de estudos a Roma,media
Federico Tirone,,,,,,,"identificação localizada, mas formação não localizada com segurança",
Désiré François Laugée,Saint-Quentin; Paris,Collège des Bons-Enfants; École des Beaux-Arts de Saint-Quentin; ateliê de Louis Nicolas Lemasle; École des Beaux-Arts de Paris; ateliê de François-Édouard Picot,antes de 1845; formação inicial em Saint-Quentin e posterior ida a Paris,https://en.wikipedia.org/wiki/D%C3%A9sir%C3%A9_Fran%C3%A7ois_Laug%C3%A9e,https://en.wikipedia.org/wiki/D%C3%A9sir%C3%A9_Fran%C3%A7ois_Laug%C3%A9e,https://en.wikipedia.org/wiki/D%C3%A9sir%C3%A9_Fran%C3%A7ois_Laug%C3%A9e,"A fonte permite reconstruir a sequência formativa, mas não fornece cronologia anual completa para cada etapa.",alta
Gustavo Dall'Ara,Veneza,Accademia di Belle Arti di Venezia / Academia de Belas Artes de Veneza,1881-1883,https://enciclopedia.itaucultural.org.br/pessoas/7053-gustavo-dall-ara | https://pt.wikipedia.org/wiki/Gustavo_Dall%27Ara,https://enciclopedia.itaucultural.org.br/pessoas/7053-gustavo-dall-ara | https://pt.wikipedia.org/wiki/Gustavo_Dall%27Ara,https://enciclopedia.itaucultural.org.br/pessoas/7053-gustavo-dall-ara | https://pt.wikipedia.org/wiki/Gustavo_Dall%27Ara,"Preferida a forma oficial da academia na Itália, com equivalência em português.",alta
Jean-Baptiste Marie Pierre,Paris; Roma,Académie royale de peinture et de sculpture; aluno de Charles-Joseph Natoire; bolsa/estadia em Roma,1732; 1734-1740,https://en.wikipedia.org/wiki/Jean-Baptiste_Marie_Pierre | https://sammlung.staedelmuseum.de/en/person/pierre-jean-baptiste-marie,https://en.wikipedia.org/wiki/Jean-Baptiste_Marie_Pierre | https://sammlung.staedelmuseum.de/en/person/pierre-jean-baptiste-marie,https://en.wikipedia.org/wiki/Jean-Baptiste_Marie_Pierre | https://sammlung.staedelmuseum.de/en/person/pierre-jean-baptiste-marie,,alta
Félix Brissot de Warville,Paris,École des beaux-arts de Paris; aluno de Léon Cogniet,sem datas exatas na fonte,https://fr.wikipedia.org/wiki/F%C3%A9lix_Brissot_de_Warville,https://fr.wikipedia.org/wiki/F%C3%A9lix_Brissot_de_Warville,,,media
Nicola Antonio Facchinetti,Bassano del Grappa; Veneza,Escola de Desenho de Bassano; Regia Accademia di Belle Arti di Venezia,até 1843,https://www.guiadasartes.com.br/nicolau-antonio-facchinetti/obras-e-biografia | https://pt.wikipedia.org/wiki/Nicola_Antonio_Facchinetti,https://www.guiadasartes.com.br/nicolau-antonio-facchinetti/obras-e-biografia | https://pt.wikipedia.org/wiki/Nicola_Antonio_Facchinetti,https://www.guiadasartes.com.br/nicolau-antonio-facchinetti/obras-e-biografia,A biografia cita curso em Bassano e premiações na academia de Veneza em 1842 e 1843.,alta
Edmond Marie Petitjean,Nancy; Paris,Faculty of Law at Nancy / estudos de direito; formação artística autodidata,sem datas exatas na fonte,https://en.wikipedia.org/wiki/Edmond_Marie_Petitjean | https://www.fineartphotographyvideoart.com/2020/06/Edmond-Marie-Petitjean.html,https://en.wikipedia.org/wiki/Edmond_Marie_Petitjean | https://www.fineartphotographyvideoart.com/2020/06/Edmond-Marie-Petitjean.html,,As fontes indicam estudos de direito e trajetória artística autodidata; sem escola formal de arte identificada.,media
Francisco Goya,"Zaragoza, Espanha; Madrid, Espanha",ateliê de José Luzán; Real Academia de Bellas Artes de San Fernando,1759–1763; 1774,https://pt.wikipedia.org/wiki/Francisco_de_Goya,https://pt.wikipedia.org/wiki/Francisco_de_Goya,https://pt.wikipedia.org/wiki/Francisco_de_Goya,,media
Antônio Parreiras,Rio de Janeiro; Veneza,Academia Imperial de Belas Artes; Accademia di Belle Arti di Venezia,1883–1884; 1888–1890,Wikipédia,Wikipédia,Wikipédia,identificado como artista,alta
Jacopo Tintoretto,Veneza,brevíssimo aprendizado na oficina de Ticiano; estudos de anatomia por observação e desenho,sem datas exatas na fonte,https://www.scuolagrandesanrocco.org/home-en/tintoretto/ | https://en.wikipedia.org/wiki/Tintoretto,https://www.scuolagrandesanrocco.org/home-en/tintoretto/ | https://en.wikipedia.org/wiki/Tintoretto,,A formação documentada é parcialmente tradicional/atelier e parcialmente autodirigida.,baixa
Nicolas-Antoine Taunay,Paris; Roma,Estudos com François Bernard Lépicié e Nicolas Guy Brenet; aperfeiçoamento na Academia Francesa de Roma,desde 1768; estadia em Roma a partir de 1770s (sem data única sintetizada na fonte),https://pt.wikipedia.org/wiki/Nicolas-Antoine_Taunay,https://pt.wikipedia.org/wiki/Nicolas-Antoine_Taunay,https://pt.wikipedia.org/wiki/Nicolas-Antoine_Taunay,Há mestres nomeados e aperfeiçoamento em Roma; mantida síntese conservadora.,media
Antoine Vestier,Paris,Ateliê de Jean-Baptiste Pierre,desde o fim da década de 1750 (sem data exata de início/fim),https://en.wikipedia.org/wiki/Antoine_Vestier | https://www.metmuseum.org/art/collection/search/437894?amp%3Boffset=0%3Brpp%3D40%3Bpos%3D11,https://en.wikipedia.org/wiki/Antoine_Vestier | https://artsandculture.google.com/entity/%D8%A3%D9%86%D8%B7%D9%88%D8%A7%D9%86-%D9%81%D9%8A%D8%B3%D8%AA%D9%8A%D8%B1/m04q8cfk,,,media
François-René Moreaux,França,estudos com Jean-Baptiste Couvelet e Antoine-Jean Gros (Barão Gros),antes de 1838,https://pt.wikipedia.org/wiki/Fran%C3%A7ois-Ren%C3%A9_Moreaux | https://enciclopedia.itaucultural.org.br/pessoas/6880-francois-rene-moreaux | https://www.sabercultural.com.br/template/ArteBrasilEspeciais/Moreaux-Francois-Rene.html,https://pt.wikipedia.org/wiki/Fran%C3%A7ois-Ren%C3%A9_Moreaux | https://enciclopedia.itaucultural.org.br/pessoas/6880-francois-rene-moreaux | https://www.sabercultural.com.br/template/ArteBrasilEspeciais/Moreaux-Francois-Rene.html,https://pt.wikipedia.org/wiki/Fran%C3%A7ois-Ren%C3%A9_Moreaux,"Mantida formulação por mestres, sem instituição formal nomeada.",alta
Abraham Brueghel,Antuérpia,Formação com Jan Brueghel the Younger (pai),antes da ida para a Itália; sem data exata na fonte,https://en.wikipedia.org/wiki/Abraham_Brueghel | https://www.christies.com/en/lot/lot-4836790,https://en.wikipedia.org/wiki/Abraham_Brueghel | https://www.christies.com/en/lot/lot-4836790,,"Fontes indicam formação com o pai, sem instituição formal nomeada.",media
Eugène Louis Boudin,Paris,atelier de Eugène Isabey,a partir de 1850,https://en.wikipedia.org/wiki/Eug%C3%A8ne_Boudin,https://en.wikipedia.org/wiki/Eug%C3%A8ne_Boudin,https://en.wikipedia.org/wiki/Eug%C3%A8ne_Boudin,A fonte também menciona trabalho como copista no Louvre.,alta
Alfred Sisley,Paris,"Atelier de Marc-Charles-Gabriel Gleyre, École des Beaux-Arts",1862–1863,Wikipédia,Wikipédia,Wikipédia,formação no ateliê de Gleyre,media
Juan León Pallière,Paris; Rio de Janeiro; Roma,"Escola de Picot, em Paris; Imperial Academia de Belas Artes do Rio de Janeiro; Academia Francesa, em Roma",até 1855; viagem/continuação de estudos a partir de 1850,https://pt.wikipedia.org/wiki/Jean_Leon_Palli%C3%A8re | https://pt.wiki34.com/wiki/Juan_Le%C3%B3n_Palli%C3%A8re,https://pt.wikipedia.org/wiki/Jean_Leon_Palli%C3%A8re | https://pt.wiki34.com/wiki/Juan_Le%C3%B3n_Palli%C3%A8re,https://pt.wiki34.com/wiki/Juan_Le%C3%B3n_Palli%C3%A8re,,media
http://www.wikidata.org/.well-known/genid/5db56d9860909be1f833b5c06bedd5a5,,,,,,,identificador técnico/genid do Wikidata; autoria não desambiguada,
Pedro Weingärtner,Hamburgo; Karlsruhe; Berlim; Paris,Liceu de Artes e Ofícios de Hamburgo; Academia Grão-ducal de Arte de Baden; Real Academia de Artes da Prússia; Académie Julian,1878; 1880; sem data exata para Académie Julian na fonte recuperada,https://pt.wikipedia.org/wiki/Pedro_Weing%C3%A4rtner | https://www.arrematearte.com.br/artistas/pedro-weingartner-1853,https://pt.wikipedia.org/wiki/Pedro_Weing%C3%A4rtner | https://www.arrematearte.com.br/artistas/pedro-weingartner-1853,https://pt.wikipedia.org/wiki/Pedro_Weing%C3%A4rtner | https://www.arrematearte.com.br/artistas/pedro-weingartner-1853,,alta
Adolphe Martial-Potémont,Paris,École des Beaux-Arts; aluno de Léon Cogniet,,https://en.wikipedia.org/wiki/Adolphe_Martial_Pot%C3%A9mont,https://en.wikipedia.org/wiki/Adolphe_Martial_Pot%C3%A9mont,,,media
Agostino Masucci,Roma,formação com Benedetto Luti e Carlo Maratta,,https://en.wikipedia.org/wiki/Agostino_Masucci | https://www.britannica.com/biography/Agostino-Masucci,https://en.wikipedia.org/wiki/Agostino_Masucci | https://www.britannica.com/biography/Agostino-Masucci,,,media
Agustín Salinas Teruel,Madri; Roma,"Escuelas de Comercio, Artes y Oficios de Madrid; Escuela Superior de Bellas Artes; Academia Española de Roma","até 1882; 1882-1885, com prorrogação em 1886-1887",https://www.epdlp.com/pintor.php?id=8747 | https://pt.wikipedia.org/wiki/Augustin_Salinas_y_Teruel,https://www.epdlp.com/pintor.php?id=8747 | https://galeriandre.com.br/artistas-interna/375/augustin-salinas/,https://www.epdlp.com/pintor.php?id=8747,A grafia do creator foi mantida; as fontes também usam Augustin/Agostyn Salinas.,alta
Alessandro Varotari,Pádua; Veneza,formação com o pai Dario Varotari the Elder,,https://en.wikipedia.org/wiki/Alessandro_Varotari | https://www.britannica.com/biography/Padovanino,https://en.wikipedia.org/wiki/Alessandro_Varotari | https://www.britannica.com/biography/Padovanino,,Também conhecido como Padovanino.,media
Pedro Alexandrino Borges,Campinas; Rio de Janeiro,aprendizado com Claude-Paul Barandier; Academia Imperial de Belas Artes / Escola Nacional de Belas Artes,desde 1867; 1890-1892,https://pt.wikipedia.org/wiki/Pedro_Alexandrino_Borges | https://www.escritoriodearte.com/artista/pedro-alexandrino | https://pt.wikipedia.org/wiki/Pedro_Alexandrino_Borges,https://pt.wikipedia.org/wiki/Pedro_Alexandrino_Borges | https://www.escritoriodearte.com/artista/pedro-alexandrino,https://pt.wikipedia.org/wiki/Pedro_Alexandrino_Borges | https://pt.wikipedia.org/wiki/Pedro_Alexandrino_Borges,Fonte adicional aberta informa mestres José Maria Medeiros e Zeferino da Costa no Rio.,alta
Alexandre Cabanel,Montpellier; Paris; Roma,Montpellier School of Fine Arts; École des Beaux-Arts de Paris; Villa Medici,1839; 1840; 1845-1850,https://en.wikipedia.org/wiki/Alexandre_Cabanel,https://en.wikipedia.org/wiki/Alexandre_Cabanel,https://en.wikipedia.org/wiki/Alexandre_Cabanel,,alta
Alexis Marie Lahaye,Paris,atelier de Carolus-Duran,,https://fr.wikipedia.org/wiki/Alexis_Marie_Lahaye,https://fr.wikipedia.org/wiki/Alexis_Marie_Lahaye,,"A formação recuperada é em ateliê, não em academia formal explicitada na fonte consultada.",media
Belmiro de Almeida,Rio de Janeiro; Paris,Liceu de Artes e Ofícios do Rio de Janeiro; Academia Imperial de Belas Artes; Académie Julian,c. 1874; c. 1874–1878; c. 1884–1885,Wikipédia,Wikipédia,Wikipédia,identificado como artista; datas europeias aproximadas,media
Francisco Pedro do Amaral,Rio de Janeiro,"estudos com José Leandro de Carvalho e Manuel Dias de Oliveira, o Brasiliense; aula régia de desenho e pintura; primeiros alunos de Debret",1820; 1823,https://pt.wikipedia.org/wiki/Francisco_Pedro_do_Amaral | https://www.guiadasartes.com.br/francisco-pedro-do-amaral/biografia | https://enciclopedia.itaucultural.org.br/pessoas/6869-francisco-pedro-do-amaral,https://pt.wikipedia.org/wiki/Francisco_Pedro_do_Amaral | https://www.guiadasartes.com.br/francisco-pedro-do-amaral/biografia | https://enciclopedia.itaucultural.org.br/pessoas/6869-francisco-pedro-do-amaral,https://www.guiadasartes.com.br/francisco-pedro-do-amaral/biografia,,alta
Luigi Benfatto,Verona; Veneza,formação com Paolo Veronese (tio e mestre),,https://en.wikipedia.org/wiki/Luigi_Benfatto,https://en.wikipedia.org/wiki/Luigi_Benfatto,,"A formação registrada é em oficina familiar, não em academia formal.",media
André-Charles Voillemot,Paris,aluno de Michel Martin Drolling,,https://fr.wikipedia.org/wiki/Andr%C3%A9-Charles_Voillemot,https://fr.wikipedia.org/wiki/Andr%C3%A9-Charles_Voillemot,,"A fonte recuperada informa o mestre, mas não detalha cronologia formativa.",media
Angelo Dall'Oca Bianca,Verona,Accademia Cignaroli,,https://en.wikipedia.org/wiki/Angelo_Dall%27Oca_Bianca,https://en.wikipedia.org/wiki/Angelo_Dall%27Oca_Bianca,,As fontes também associam a formação a Napoleone Nani.,media
Angelo da Silva Romão,,,,,,,"identificação localizada, mas formação não localizada com segurança",
http://www.wikidata.org/.well-known/genid/5cd6aca2ce6bd6d665b8e3acba1e8d8b,,,,,,,identificador técnico/genid do Wikidata; autoria não desambiguada,
Antoine Léon Morel-Fatio,Ruão; Paris,Lycée Pierre-Corneille; Lycée Louis-le-Grand; Lycée Condorcet,,https://pt.wikipedia.org/wiki/Antoine_L%C3%A9on_Morel-Fatio,https://pt.wikipedia.org/wiki/Antoine_L%C3%A9on_Morel-Fatio,,"As fontes recuperadas indicam escolarização geral, mas não identificam academia artística específica.",baixa
Antonio Alice,Buenos Aires; Turim,primeiras aulas com Decoroso Bonifanti; Royal Academy of Painting in Turin / Real Academia Albertina de Turim,1897; 1904-1908,https://en.wikipedia.org/wiki/Antonio_Alice | https://coleccionamalita.org.ar/artistas/antonio-alice,https://en.wikipedia.org/wiki/Antonio_Alice | https://coleccionamalita.org.ar/artistas/antonio-alice,https://en.wikipedia.org/wiki/Antonio_Alice | https://coleccionamalita.org.ar/artistas/antonio-alice,,alta
Antonio Maria Vassallo,Gênova,formação com Vincent Malo,,https://en.wikipedia.org/wiki/Antonio_Maria_Vassallo,https://en.wikipedia.org/wiki/Antonio_Maria_Vassallo,,Formação descrita em oficina/atelier.,media
Antonio Mancini,"Nápoles, Itália",Institute of Fine Arts in Naples,c. 1864,https://en.wikipedia.org/wiki/Antonio_Mancini,https://en.wikipedia.org/wiki/Antonio_Mancini,https://en.wikipedia.org/wiki/Antonio_Mancini,ingressa aos 12 anos,media
Antônio de Souza Lobo,Rio de Janeiro,Academia Imperial de Belas Artes,,https://pt.wikipedia.org/wiki/Ant%C3%B4nio_de_Souza_Lobo,https://pt.wikipedia.org/wiki/Ant%C3%B4nio_de_Souza_Lobo,,"Formação citada sob supervisão de Agostinho da Mota, Augusto Müller e Victor Meirelles.",alta
Antônio Rafael Pinto Bandeira,Rio de Janeiro,Academia Imperial de Belas Artes (Aiba),ingresso em 1879,https://enciclopedia.itaucultural.org.br/pessoas/7649-rafael-pinto-bandeira,https://enciclopedia.itaucultural.org.br/pessoas/7649-rafael-pinto-bandeira,https://enciclopedia.itaucultural.org.br/pessoas/7649-rafael-pinto-bandeira,,alta
http://www.wikidata.org/.well-known/genid/ed4d9a9ee9a2e9b26b21f0a259392c80,,,,,,,identificador técnico/genid do Wikidata; autoria não desambiguada,
Arsênio da Silva,Recife; Roma; Paris,primeiros ensinamentos artísticos em Recife; aperfeiçoamento em Roma e Paris,,https://pt.wikipedia.org/wiki/Ars%C3%AAnio_da_Silva | https://www.guiadasartes.com.br/arsenio-cintra-da-silva/obras-e-biografia | https://www.escritoriodearte.com/artista/arsenio-da-silva,https://pt.wikipedia.org/wiki/Ars%C3%AAnio_da_Silva | https://www.guiadasartes.com.br/arsenio-cintra-da-silva/obras-e-biografia,,As fontes disponíveis não nomeiam instituições específicas em Roma e Paris.,media
Artur Timóteo da Costa,Rio de Janeiro; Paris,Escola Nacional de Belas Artes,1894–1907; c. 1908–1910,Wikipédia,Wikipédia,Wikipédia,instituição formal identificada no Rio; período em Paris sem escola explicitada,media
Auguste Petit,"Châtillon-sur-Seine, França",estudos de desenho e pintura com Eugène Nestle,antes de 1864,https://www.arrematearte.com.br/artistas/auguste-petit-1844,https://www.arrematearte.com.br/artistas/auguste-petit-1844,https://www.arrematearte.com.br/artistas/auguste-petit-1844,"A fonte registra formação com o paisagista Eugène Nestle, sem escola formal nomeada.",media
Augusto Müller,Rio de Janeiro,Academia Imperial de Belas Artes,matrícula em 1829,https://pt.wikipedia.org/wiki/Augusto_M%C3%BCller | https://enciclopedia.itaucultural.org.br/pessoas/6590-august-muller,https://pt.wikipedia.org/wiki/Augusto_M%C3%BCller | https://enciclopedia.itaucultural.org.br/pessoas/6590-august-muller,https://pt.wikipedia.org/wiki/Augusto_M%C3%BCller | https://enciclopedia.itaucultural.org.br/pessoas/6590-august-muller,As fontes indicam Debret como mestre.,alta
Mário Villares Barbosa,São Paulo; Paris,Liceu de Artes e Ofícios; Academia Julian; Escola Superior de Belas Artes,c.1901; 1905,https://www.catalogodasartes.com.br/artista/Mario%20Villares%20Barbosa%20-%20Mario%20Barbosa/ | https://www.guiadasartes.com.br/mario-villares-barbosa/obras-e-biografia,https://www.catalogodasartes.com.br/artista/Mario%20Villares%20Barbosa%20-%20Mario%20Barbosa/,https://www.catalogodasartes.com.br/artista/Mario%20Villares%20Barbosa%20-%20Mario%20Barbosa/,As mesmas fontes informam aprendizagem inicial com Oscar Pereira da Silva.,alta
Benedito Calixto,"Paris, França",Académie Julian,,Wikipédia,Wikipédia,,fontes consultadas indicam formação inicial autodidata/ateliês em São Paulo,media
Bento José Rufino Capinam,Salvador,formação com Franco Velasco,sem data exata na fonte,https://pt.wikipedia.org/wiki/Bento_Jos%C3%A9_Rufino_Capinam,https://pt.wikipedia.org/wiki/Bento_Jos%C3%A9_Rufino_Capinam,https://pt.wikipedia.org/wiki/Bento_Jos%C3%A9_Rufino_Capinam,"A fonte disponível registra vínculo formativo com Franco Velasco, sem instituição formal nomeada.",media
David Teniers the Younger,Antuérpia,estudos com David Teniers the Elder (pai),a partir de 1626,https://en.wikipedia.org/wiki/David_Teniers_the_Younger | https://www.britannica.com/biography/David-Teniers-the-Younger,https://en.wikipedia.org/wiki/David_Teniers_the_Younger | https://www.britannica.com/biography/David-Teniers-the-Younger,https://en.wikipedia.org/wiki/David_Teniers_the_Younger,,alta
Frans Hals,Haarlem,estudos com Karel van Mander,antes de 1610; sem data exata na fonte,https://en.wikipedia.org/wiki/Frans_Hals | https://www.portalartes.com.br/hist%C3%B3ria/biografias/pintores-classicos/frans-hals.html,https://en.wikipedia.org/wiki/Frans_Hals | https://www.portalartes.com.br/hist%C3%B3ria/biografias/pintores-classicos/frans-hals.html,,O vínculo com Karel van Mander aparece em fontes secundárias; mantida confiança média.,media
Jean-Baptiste Camille Corot,Paris; Itália,estudos com Achille-Etna Michallon e Jean-Victor Bertin; formação de paisagem na viagem de estudos à Itália,1825-1828,https://www.nationalgallery.org.uk/artists/jean-baptiste-camille-corot | https://en.wikipedia.org/wiki/Jean-Baptiste-Camille_Corot,https://www.nationalgallery.org.uk/artists/jean-baptiste-camille-corot | https://en.wikipedia.org/wiki/Jean-Baptiste-Camille_Corot,https://www.nationalgallery.org.uk/artists/jean-baptiste-camille-corot | https://en.wikipedia.org/wiki/Jean-Baptiste-Camille_Corot,Sem academia formal nomeada nas fontes abertas recuperadas; mantidos mestres e viagem formativa.,media
Hieronymus Bosch,’s-Hertogenbosch,formação em oficina familiar com o pai e irmãos pintores,,https://www.thecollector.com/hieronymus-bosch-early-influences/ | https://en.wikipedia.org/wiki/Hieronymus_Bosch,https://www.thecollector.com/hieronymus-bosch-early-influences/ | https://en.wikipedia.org/wiki/Hieronymus_Bosch,,"As fontes apontam aprendizado em dinastia/oficina familiar, sem academia formal documentada.",media
Simplício Rodrigues de Sá,Lisboa; Rio de Janeiro,inicia-se no ofício de artista em Lisboa; aproxima-se da Missão Artística Francesa; formação com Jean-Baptiste Debret,antes de 1809; sem data exata na fonte,https://pt.wikipedia.org/wiki/Simpl%C3%ADcio_Rodrigues_de_S%C3%A1 | https://enciclopedia.itaucultural.org.br/pessoas/7754-simplicio-de-sa,https://pt.wikipedia.org/wiki/Simpl%C3%ADcio_Rodrigues_de_S%C3%A1 | https://enciclopedia.itaucultural.org.br/pessoas/7754-simplicio-de-sa,,Sem escola formal nomeada nas fontes recuperadas.,media
François-Auguste Biard,"Lyon, França",École des Beaux-Arts de Lyon,s.d.,https://enciclopedia.itaucultural.org.br/pessoas/6639-francois-auguste-biard,https://enciclopedia.itaucultural.org.br/pessoas/6639-francois-auguste-biard,https://enciclopedia.itaucultural.org.br/pessoas/6639-francois-auguste-biard,estuda com Pierre-Henri Révoil,alta
Lucílio de Albuquerque,"São Paulo, Brasil; Rio de Janeiro, Brasil",Faculdade de Direito de São Paulo; Escola Nacional de Belas Artes,1895; 1896–1906,https://enciclopedia.itaucultural.org.br/pessoas/6103-lucilio-de-albuquerque,https://enciclopedia.itaucultural.org.br/pessoas/6103-lucilio-de-albuquerque,https://enciclopedia.itaucultural.org.br/pessoas/6103-lucilio-de-albuquerque,abandona o direito para estudar pintura,alta
José Ferraz de Almeida Júnior,"Rio de Janeiro, Brasil; Paris, França",Academia Imperial de Belas Artes; École Nationale Supérieure des Beaux-Arts,1869–1874; 1876–1882,https://pt.wikipedia.org/wiki/Almeida_J%C3%BAnior,https://pt.wikipedia.org/wiki/Almeida_J%C3%BAnior,https://pt.wikipedia.org/wiki/Almeida_J%C3%BAnior,,alta
Eliseu Visconti,Rio de Janeiro,Liceu de Artes e Ofícios; Academia Imperial de Belas Artes; Atelier Livre,1884–1885; desde 1885; c. 1890,Projeto Eliseu Visconti,Projeto Eliseu Visconti,Projeto Eliseu Visconti,mais tarde ganhou prêmio de viagem à Europa; datas europeias não consolidadas neste passe,alta
Paul Émile Chabas,"Paris, França",Académie Julian,antes de 1890; sem datas exatas adicionais na fonte,https://pt.wikipedia.org/wiki/Paul_Chabas | https://myopenmuseum.com/en/artist/paul-emile-chabas-964791,https://pt.wikipedia.org/wiki/Paul_Chabas | https://myopenmuseum.com/en/artist/paul-emile-chabas-964791,https://pt.wikipedia.org/wiki/Paul_Chabas,A fonte também cita formação com William-Adolphe Bouguereau e Tony Robert-Fleury.,alta
John Constable,Londres,Royal Academy Schools,a partir de 1799,https://en.wikipedia.org/wiki/John_Constable | https://www.wikiart.org/pt/john-constable/,https://en.wikipedia.org/wiki/John_Constable | https://www.wikiart.org/pt/john-constable/,https://en.wikipedia.org/wiki/John_Constable | https://www.wikiart.org/pt/john-constable/,,alta
Jean-Jacques François Coindet,Suíça; França,formação de desenho topográfico e prática militar,,https://www.brasilianaiconografica.art.br/autores/19866/jean-jacques-francois-coindet,https://www.brasilianaiconografica.art.br/autores/19866/jean-jacques-francois-coindet,,A fonte aberta não traz nome de instituição formal específica.,baixa
Jean-Baptiste-Siméon Chardin,Paris,aprendizagens com Pierre-Jacques Cazes e Noël-Nicolas Coypel; Académie de Saint-Luc,até 1724,https://en.wikipedia.org/wiki/Jean_Sim%C3%A9on_Chardin | https://www.britannica.com/biography/Jean-Baptiste-Simeon-Chardin,https://en.wikipedia.org/wiki/Jean_Sim%C3%A9on_Chardin | https://www.britannica.com/biography/Jean-Baptiste-Simeon-Chardin,https://en.wikipedia.org/wiki/Jean_Sim%C3%A9on_Chardin,,alta
Jules Victor Génisson,Antuérpia,Royal Academy of Fine Arts of Antwerp,,https://en.wikipedia.org/wiki/Jules_Victor_G%C3%A9nisson | https://www.niceartgallery.com/artist/jules-victor-genisson.html,https://en.wikipedia.org/wiki/Jules_Victor_G%C3%A9nisson | https://www.niceartgallery.com/artist/jules-victor-genisson.html,,As fontes citam estudo com Mattheus Ignatius van Bree.,alta
José Maria de Medeiros,Rio de Janeiro,Liceu de Artes e Ofícios; Academia Imperial de Belas Artes,1867; 1868,https://pt.wikipedia.org/wiki/Jos%C3%A9_Maria_de_Medeiros,https://pt.wikipedia.org/wiki/Jos%C3%A9_Maria_de_Medeiros,https://pt.wikipedia.org/wiki/Jos%C3%A9_Maria_de_Medeiros,A Enciclopédia Itaú Cultural também registra Antônio de Souza Lobo como mestre.,alta
"Leonor de Almeida Portugal, 4th Marquise of Alorna","Convento de São Félix em Chelas, Lisboa",educação conventual em Chelas; orientação literária de Filinto Elísio,1758-1777,https://pt.wikipedia.org/wiki/Leonor_de_Almeida_Portugal | https://livro.dglab.gov.pt/sites/DGLB/Portugues/autores/Paginas/PesquisaAutores1.aspx?AutorId=6636,https://pt.wikipedia.org/wiki/Leonor_de_Almeida_Portugal | https://www.arqnet.pt/dicionario/alorna4.html,https://pt.wikipedia.org/wiki/Leonor_de_Almeida_Portugal | https://livro.dglab.gov.pt/sites/DGLB/Portugues/autores/Paginas/PesquisaAutores1.aspx?AutorId=6636,"A formação aparece como educação conventual e cultivo intensivo de letras, música e pintura.",media
http://www.wikidata.org/.well-known/genid/e561108b232c9c593382852798019f97,,,,,,,identificador técnico/genid do Wikidata; autoria não desambiguada,
Eduard Hildebrandt,Berlim,formação com o pintor marinho Wilhelm Krause,c.1826 em diante,https://en.wikipedia.org/wiki/Eduard_Hildebrandt | https://www.britannica.com/biography/Eduard-Hildebrandt,https://en.wikipedia.org/wiki/Eduard_Hildebrandt | https://www.britannica.com/biography/Eduard-Hildebrandt,https://en.wikipedia.org/wiki/Eduard_Hildebrandt,Não foi localizada academia formal inequívoca nas fontes consultadas.,media
Eduardo De Martino,Nápoles,formação na marinha italiana; inicia pintura em Nápoles sob influência da School of Resina,por volta dos 30 anos; sem data exata na fonte,https://en.wikipedia.org/wiki/Edoardo_De_Martino | https://ims.com.br/por-dentro-acervo/edoardo-de-martino-marinheiro-e-pintor-por-lucia-kluck-stumpf/,,,Não foi localizada escola formal de arte em fonte aberta recuperada; mantido preenchimento conservador.,baixa
Giovanni Battista Castagneto,Gênova,Accademia Ligustica di Belle Arti,,https://pt.wikipedia.org/wiki/Giovanni_Battista_Castagneto | https://enciclopedia.itaucultural.org.br/pessoas/2832-giovanni-battista-castagneto,https://pt.wikipedia.org/wiki/Giovanni_Battista_Castagneto | https://enciclopedia.itaucultural.org.br/pessoas/2832-giovanni-battista-castagneto,,,media
Henri Nicolas Vinet,Paris,École des Beaux-Arts; ateliê de Paul Delaroche,,https://pt.wikipedia.org/wiki/Henri_Nicolas_Vinet | https://enciclopedia.itaucultural.org.br/pessoas/7152-henri-nicolas-vinet,https://pt.wikipedia.org/wiki/Henri_Nicolas_Vinet | https://enciclopedia.itaucultural.org.br/pessoas/7152-henri-nicolas-vinet,,,media
Henrique Bernardelli,"Rio de Janeiro; Roma, Itália",Academia Imperial de Belas Artes; ateliê de Domenico Morelli,desde 1870; 1878–1886,Portal Artes; Guia das Artes,Portal Artes; Guia das Artes,Portal Artes; Guia das Artes,,media
Karl Ernst Papf,Dresden,Academy of Fine Arts Dresden,,https://en.wikipedia.org/wiki/Karl_Ernst_Papf,https://en.wikipedia.org/wiki/Karl_Ernst_Papf,,Registro mantido de forma prudente por escassez de cronologia detalhada.,baixa
Manuel de Araújo Porto-Alegre,Rio de Janeiro; Paris,Academia Imperial de Belas Artes; École des Beaux-Arts,1827 em diante; 1831-1837,https://pt.wikipedia.org/wiki/Manuel_de_Ara%C3%BAjo_Porto-Alegre | https://enciclopedia.itaucultural.org.br/pessoas/5436-manuel-de-araujo-porto-alegre,https://pt.wikipedia.org/wiki/Manuel_de_Ara%C3%BAjo_Porto-Alegre | https://enciclopedia.itaucultural.org.br/pessoas/5436-manuel-de-araujo-porto-alegre,https://pt.wikipedia.org/wiki/Manuel_de_Ara%C3%BAjo_Porto-Alegre,As fontes também indicam formação com Jean-Baptiste Debret.,alta
Francesco Cozza,Nápoles; Roma,formação com Battistello Caracciolo; ateliê de Domenichino,,https://en.wikipedia.org/wiki/Francesco_Cozza | https://www.britannica.com/biography/Francesco-Cozza,https://en.wikipedia.org/wiki/Francesco_Cozza | https://www.britannica.com/biography/Francesco-Cozza,,,media
Virgílio Maurício,Brasil; Paris,formação artística com Rosalvo Ribeiro; frequência a diversos ateliês em Paris,até 1914,https://pt.wikipedia.org/wiki/Virg%C3%ADlio_Maur%C3%ADcio | https://wp.historiadealagoas.com.br/virgilio-mauricio-genial-e-polemico.html,https://pt.wikipedia.org/wiki/Virg%C3%ADlio_Maur%C3%ADcio,https://pt.wikipedia.org/wiki/Virg%C3%ADlio_Maur%C3%ADcio | https://wp.historiadealagoas.com.br/virgilio-mauricio-genial-e-polemico.html,A fonte indica que era estudante de medicina e que frequentou ateliês na França; sem instituição única identificada.,media
http://www.wikidata.org/.well-known/genid/4a7cbd2d5d8ddd9826ba7b9b29bd1ec6,,,,,,,identificador técnico/genid do Wikidata; autoria não desambiguada,
Bertha Worms,"Paris, França; Paris, França",Escola de Belas-Artes de Paris; Académie Julian,1881; 1885,https://pt.wikipedia.org/wiki/Bertha_Worms; https://static.even3.com/anais/428011.pdf,https://pt.wikipedia.org/wiki/Bertha_Worms; https://static.even3.com/anais/428011.pdf,https://static.even3.com/anais/428011.pdf,Datas baseadas em fontes biográficas e trabalho acadêmico sobre a artista.,media
Charles Landseer,Londres,Royal Academy Schools; formação com Benjamin Robert Haydon,a partir de 1816,https://en.wikipedia.org/wiki/Charles_Landseer | https://www.britannica.com/biography/Charles-Landseer,https://en.wikipedia.org/wiki/Charles_Landseer | https://www.britannica.com/biography/Charles-Landseer,https://en.wikipedia.org/wiki/Charles_Landseer,,alta
Estêvão Silva,Rio de Janeiro,Academia Imperial de Belas Artes,ingressa em 1864,https://pt.wikipedia.org/wiki/Est%C3%AAv%C3%A3o_Silva | https://projetoafro.com/artista/estevao-silva/,https://pt.wikipedia.org/wiki/Est%C3%AAv%C3%A3o_Silva | https://projetoafro.com/artista/estevao-silva/,https://projetoafro.com/artista/estevao-silva/,"As fontes recuperadas também identificam Victor Meirelles, Jules Le Chevrel e Agostinho José da Mota como mestres.",alta
Giuseppe Leone Righini,Turim,Academia de Belas Artes de Turim,,https://pt.wikipedia.org/wiki/Giuseppe_Leone_Righini | https://www.brasilianaiconografica.art.br/autores/22885/leone-righini | https://www.escritoriodearte.com/artista/giuseppe-leone-righini,https://pt.wikipedia.org/wiki/Giuseppe_Leone_Righini | https://www.brasilianaiconografica.art.br/autores/22885/leone-righini | https://www.escritoriodearte.com/artista/giuseppe-leone-righini,,,alta
João Batista da Costa,Rio de Janeiro; Paris,Asilo dos Meninos Desvalidos; Academia Imperial de Belas Artes; Academia Julian,1877; 1885; 1896,https://pt.wikipedia.org/wiki/Jo%C3%A3o_Batista_da_Costa | https://www.guiadasartes.com.br/baptista-da-costa/obras-e-biografia,https://pt.wikipedia.org/wiki/Jo%C3%A3o_Batista_da_Costa | https://www.guiadasartes.com.br/baptista-da-costa/obras-e-biografia,https://pt.wikipedia.org/wiki/Jo%C3%A3o_Batista_da_Costa | https://www.guiadasartes.com.br/baptista-da-costa/obras-e-biografia,,alta
Stephan Kessler,Donauwörth,"formação com o pai Georg Kessler, pintor",,https://de.wikipedia.org/wiki/Stephan_Kessler_%28Maler%29 | https://www.dorotheum.com/en/l/6534426/,https://de.wikipedia.org/wiki/Stephan_Kessler_%28Maler%29 | https://www.dorotheum.com/en/l/6534426/,,As fontes abertas recuperadas não indicam academia formal; a formação foi registrada de modo conservador pela tradição familiar/oficina.,baixa
Rodolfo Amoedo,Rio de Janeiro; Paris,Liceu de Artes e Ofícios do Rio de Janeiro; Academia Julian; École des Beaux-Arts,1873; 1879-1880,https://pt.wikipedia.org/wiki/Rodolfo_Amoedo | https://www.guiadasartes.com.br/rodolfo-amoedo/obras-e-biografia,https://pt.wikipedia.org/wiki/Rodolfo_Amoedo | https://www.guiadasartes.com.br/rodolfo-amoedo/obras-e-biografia,https://pt.wikipedia.org/wiki/Rodolfo_Amoedo | https://www.guiadasartes.com.br/rodolfo-amoedo/obras-e-biografia,,alta
Paul Cézanne,Aix-en-Provence; Paris,Aix-Marseille University (curso de direito); Académie Suisse,1856-1858; 1861-1862,https://en.wikipedia.org/wiki/Paul_C%C3%A9zanne | https://www.worldhistory.org/Paul_Cezanne/,https://en.wikipedia.org/wiki/Paul_C%C3%A9zanne | https://www.worldhistory.org/Paul_Cezanne/,https://www.worldhistory.org/Paul_Cezanne/ | https://en.wikipedia.org/wiki/Paul_C%C3%A9zanne,A fonte também menciona aulas de desenho com Joseph Gibert antes da ida a Paris.,alta
Sandro Botticelli,Florença; Prato,aprendiz no ateliê de Fra Filippo Lippi,c.1461/1462-c.1467,https://en.wikipedia.org/wiki/Sandro_Botticelli,https://en.wikipedia.org/wiki/Sandro_Botticelli,https://en.wikipedia.org/wiki/Sandro_Botticelli,Fontes abertas recuperadas não confirmam outra oficina com o mesmo grau de certeza.,alta
Édouard Manet,Paris,Collège Rollin; curso especial de desenho; estudos com Thomas Couture; Académie Suisse,1844-1848; 1845; 1850-1856,https://en.wikipedia.org/wiki/%C3%89douard_Manet,https://en.wikipedia.org/wiki/%C3%89douard_Manet,https://en.wikipedia.org/wiki/%C3%89douard_Manet,Priorizados os dados formativos explicitamente visíveis no snippet de busca.,alta
Andrea Mantegna,Pádua,escola/oficina de Francesco Squarcione,a partir dos 11 anos; antes de 1448,https://en.wikipedia.org/wiki/Andrea_Mantegna,https://en.wikipedia.org/wiki/Andrea_Mantegna,https://en.wikipedia.org/wiki/Andrea_Mantegna,,alta
Alfredo Norfini,Lucca,Istituto di Belle Arti di Lucca,,https://enciclopedia.itaucultural.org.br/pessoas/5415-alfredo-norfini,https://enciclopedia.itaucultural.org.br/pessoas/5415-alfredo-norfini,,,media
José Wasth Rodrigues,São Paulo; Paris,estudos com Oscar Pereira da Silva; Académie Julian; École des Beaux-Arts,1908-1909; 1910 em diante,https://pt.wikipedia.org/wiki/Jos%C3%A9_Wasth_Rodrigues | https://www.guiadasartes.com.br/jose-wasth-rodrigues/obras-e-biografia,https://pt.wikipedia.org/wiki/Jos%C3%A9_Wasth_Rodrigues | https://www.guiadasartes.com.br/jose-wasth-rodrigues/obras-e-biografia,https://pt.wikipedia.org/wiki/Jos%C3%A9_Wasth_Rodrigues | https://www.guiadasartes.com.br/jose-wasth-rodrigues/obras-e-biografia,,alta
Henrique Manzo,São Paulo,Liceu de Artes e Ofícios de São Paulo; aluno de Alfredo Norfini,1913-1917,https://pt.wikipedia.org/wiki/Henrique_Manzo | https://enciclopedia.itaucultural.org.br/pessoas/6944-henrique-manzo,https://pt.wikipedia.org/wiki/Henrique_Manzo | https://enciclopedia.itaucultural.org.br/pessoas/6944-henrique-manzo,https://pt.wikipedia.org/wiki/Henrique_Manzo | https://enciclopedia.itaucultural.org.br/pessoas/6944-henrique-manzo,,alta
José Canella Filho,Formação autodidata,,,https://pt.wikipedia.org/wiki/Jos%C3%A9_Canella_Filho,,,A fonte informa que iniciou o estudo da pintura como autodidata e que nunca teve aulas.,alta
Domenico Failutti,Udine; Veneza; Florença,Escola de Design da Sociedade dos Trabalhadores de Udine; Academia de Belas Artes de Veneza,antes de sua carreira itinerante; sem datas completas na fonte,https://pt.wikipedia.org/wiki/Domenico_Failutti,https://pt.wikipedia.org/wiki/Domenico_Failutti,,"A fonte também indica estudos de escultura, arte decorativa e plástico em Florença.",media
Antonio Ferrigno,Nápoles; Salerno,"Academia de Belas Artes de Nápoles; estudos com Giacomo Di Chirico, Teofilo Patini e Domenico Morelli",1883-1885; 1884-1886,https://pt.wikipedia.org/wiki/Antonio_Ferrigno,https://pt.wikipedia.org/wiki/Antonio_Ferrigno,https://pt.wikipedia.org/wiki/Antonio_Ferrigno,,alta
Miguelzinho Dutra,Formação autodidata,,,https://pt.wikipedia.org/wiki/Miguel_Arcanjo_Ben%C3%ADcio_de_Assun%C3%A7%C3%A3o_Dutra | https://enciclopedia.itaucultural.org.br/pessoas/2334-miguelzinho-dutra,,,As fontes consultadas descrevem a formação como autodidata.,media
Hans Memling,Mainz ou Colônia; Bruxelas,aprendizagem em Mainz ou Cologne; oficina de Rogier van der Weyden,antes de 1465,https://en.wikipedia.org/wiki/Hans_Memling,https://en.wikipedia.org/wiki/Hans_Memling,https://en.wikipedia.org/wiki/Hans_Memling,A própria fonte sinaliza incerteza entre Mainz e Colônia; mantida a incerteza.,media
Beniamino Parlagreco,Nápoles,Academia de Belas Artes de Nápoles,,https://pt.wikipedia.org/wiki/Beniamino_Parlagreco,https://pt.wikipedia.org/wiki/Beniamino_Parlagreco,,A fonte também menciona estudo com Domenico Morelli e Filippo Palizzi.,alta
Antônio Firmino Monteiro,Rio de Janeiro,Academia Imperial de Belas Artes,,https://pt.wikipedia.org/wiki/Ant%C3%B4nio_Firmino_Monteiro | https://enciclopedia.itaucultural.org.br/pessoas/293-antonio-firmino-monteiro,https://pt.wikipedia.org/wiki/Ant%C3%B4nio_Firmino_Monteiro | https://enciclopedia.itaucultural.org.br/pessoas/293-antonio-firmino-monteiro,,,media
Georgina de Albuquerque,"Rio de Janeiro, Brasil; Paris, França; Paris, França",Escola Nacional de Belas Artes; École Nationale Supérieure des Beaux-Arts; Académie Julian,1904–1906; c. 1906–1907; c. 1906–1907,https://pt.wikipedia.org/wiki/Georgina_de_Albuquerque,https://pt.wikipedia.org/wiki/Georgina_de_Albuquerque,https://pt.wikipedia.org/wiki/Georgina_de_Albuquerque,,alta
João Zeferino da Costa,"Rio de Janeiro, Brasil; Roma, Itália",Academia Imperial de Belas Artes; Accademia di San Luca,1857–1868; 1869–1877,https://pt.wikipedia.org/wiki/Zeferino_da_Costa,https://pt.wikipedia.org/wiki/Zeferino_da_Costa,https://pt.wikipedia.org/wiki/Zeferino_da_Costa,,alta
Diego Velázquez,Sevilha,"aprendizado com Francisco Herrera, o Velho; oficina de Francisco Pacheco",c.1610-1617,https://en.wikipedia.org/wiki/Diego_Vel%C3%A1zquez | https://www.britannica.com/biography/Diego-Velazquez | https://www.diego-velazquez.org/biography.jsp,https://en.wikipedia.org/wiki/Diego_Vel%C3%A1zquez | https://www.britannica.com/biography/Diego-Velazquez | https://www.diego-velazquez.org/biography.jsp,https://en.wikipedia.org/wiki/Diego_Vel%C3%A1zquez | https://www.diego-velazquez.org/biography.jsp,A passagem por Herrera é menos documentada; por isso mantida com observação conservadora.,media
Cyprien Eugène Boulet,Paris,École des Beaux-Arts,,https://en.wikipedia.org/wiki/Cyprien_Eug%C3%A8ne_Boulet,https://en.wikipedia.org/wiki/Cyprien_Eug%C3%A8ne_Boulet,,Cronologia formativa não explicitada na fonte consultada.,baixa
Edgar Degas,"Paris, França",École des Beaux-Arts,desde 1855,https://www.britannica.com/biography/Edgar-Degas ; https://pt.wikipedia.org/wiki/Edgar_Degas,https://www.britannica.com/biography/Edgar-Degas,https://www.britannica.com/biography/Edgar-Degas,também estudou no ateliê de Louis Lamothe e passou longos períodos copiando mestres no Louvre,alta
Félix Ziem,Dijon,École des Beaux-Arts de Dijon,,https://en.wikipedia.org/wiki/F%C3%A9lix_Ziem | https://www.britannica.com/biography/Felix-Ziem,https://en.wikipedia.org/wiki/F%C3%A9lix_Ziem | https://www.britannica.com/biography/Felix-Ziem,,,media
Claude Monet,"Le Havre, França",,c. 1850s,https://www.britannica.com/biography/Claude-Monet,,https://www.britannica.com/biography/Claude-Monet,sem formação artística formal; estudou desenho com artista local e com Eugène Boudin,media
http://www.wikidata.org/.well-known/genid/533dcecd471b802d6b4ef458a2fbdea1,,,,,,,identificador técnico/genid do Wikidata; autoria não desambiguada,
Barthélemy Lauvergne,Paris,estudos com Anne-Louis Girodet,,https://en.wikipedia.org/wiki/Barth%C3%A9lemy_Lauvergne,https://en.wikipedia.org/wiki/Barth%C3%A9lemy_Lauvergne,,Não foi localizada academia formal específica nas fontes consultadas.,media
Johann Moritz Rugendas,Augsburgo; Munique,desenho e gravura com o pai Johann Lorenz Rugendas II; estudos com Albrecht Adam; Academia de Belas Artes de Munique,1815-1817; depois de 1817,https://en.wikipedia.org/wiki/Johann_Moritz_Rugendas | https://www.infoescola.com/biografias/johann-moritz-rugendas/ | https://saibahistoria.blogspot.com/2020/05/joahnn-moritz-rugendas.html,https://en.wikipedia.org/wiki/Johann_Moritz_Rugendas | https://www.infoescola.com/biografias/johann-moritz-rugendas/ | https://saibahistoria.blogspot.com/2020/05/joahnn-moritz-rugendas.html,https://en.wikipedia.org/wiki/Johann_Moritz_Rugendas | https://saibahistoria.blogspot.com/2020/05/joahnn-moritz-rugendas.html,,alta
Leopoldino Faria,Rio de Janeiro,Academia Imperial de Belas Artes (Aiba); desenho com Jules Le Chevrel; pintura com Victor Meirelles,sem data exata na fonte,https://enciclopedia.itaucultural.org.br/pessoas/7156-leopoldino-de-faria | https://pt.wikipedia.org/wiki/Leopoldino_Faria,https://enciclopedia.itaucultural.org.br/pessoas/7156-leopoldino-de-faria | https://pt.wikipedia.org/wiki/Leopoldino_Faria,https://enciclopedia.itaucultural.org.br/pessoas/7156-leopoldino-de-faria,"A formação acadêmica aparece com clareza, mas a fonte não traz intervalo cronológico preciso.",alta
Leandro Joaquim,Rio de Janeiro,aluno do pintor João de Sousa,sem data exata na fonte,https://www.catalogodasartes.com.br/artista/Leandro%20Joaquim/ | https://enciclopedia.itaucultural.org.br/pessoas/7084-leandro-joaquim,https://www.catalogodasartes.com.br/artista/Leandro%20Joaquim/ | https://enciclopedia.itaucultural.org.br/pessoas/7084-leandro-joaquim,,"Não há instituição formal recuperada, apenas mestre identificado.",media
Hans Nöbauer,Viena,,,https://www.salao31.com.br/hans-nobauer,,,"A fonte somente explicita que realizou seus estudos em Viena, sem indicar instituição.",baixa
Giovanni Boldini,"Florença, Itália",Accademia di Belle Arti,a partir de 1862,https://modjourn.org/biography/boldini-giovanni-1842-1931/,https://modjourn.org/biography/boldini-giovanni-1842-1931/,https://modjourn.org/biography/boldini-giovanni-1842-1931/,,alta
Gerrit Willem van Blaaderen,Haarlem,Escola de Arte Aplicada de Haarlem,1894-1895,https://app.fta.art/pt/creator/61218fe1d38742a9f1281c20f82c042bc10d1e5a | https://nl.wikipedia.org/wiki/Gerrit_van_Blaaderen,https://app.fta.art/pt/creator/61218fe1d38742a9f1281c20f82c042bc10d1e5a,https://app.fta.art/pt/creator/61218fe1d38742a9f1281c20f82c042bc10d1e5a,A fonte cita também formação com Hendrik Hulk e W.F.A.I. Vaarzon Morel.,alta
Alfredo Andersen,Cristiânia (Oslo); Copenhague,Academia de Belas-Artes de Cristiânia; Royal Danish Academy of Fine Arts,c. 1877–1879; 1879–1883,Wikipédia,Wikipédia,Wikipédia,identificado como artista,alta
Jean-Baptiste Olive,Marselha,École des Beaux-Arts de Marseille,,https://en.wikipedia.org/wiki/Jean-Baptiste_Olive,https://en.wikipedia.org/wiki/Jean-Baptiste_Olive,,,media
Pierre-Auguste Renoir,"Paris, França; Paris, França",École des Beaux-Arts de Paris; atelier de Charles Gleyre,1862–1864; 1861–1864,https://sammlung.staedelmuseum.de/en/person/renoir-auguste,https://sammlung.staedelmuseum.de/en/person/renoir-auguste,https://sammlung.staedelmuseum.de/en/person/renoir-auguste,,alta
Giuseppe Amisani,Pavia; Milão,instituto técnico de Pavia; Accademia di Brera,fim do séc. XIX; 1908 prêmio acadêmico,https://en.wikipedia.org/wiki/Giuseppe_Amisani,https://en.wikipedia.org/wiki/Giuseppe_Amisani,https://en.wikipedia.org/wiki/Giuseppe_Amisani,A fonte explicita estudos na Brera com Cesare Tallone e Vespasiano Bignami.,media
Henri de Toulouse-Lautrec,Paris,ateliê de Léon Bonnat; ateliê de Fernand Cormon,1882-1886,https://pt.wikipedia.org/wiki/Henri_de_Toulouse-Lautrec | https://www.museothyssen.org/en/collection/artists/toulouse-lautrec-henri,https://pt.wikipedia.org/wiki/Henri_de_Toulouse-Lautrec | https://www.museothyssen.org/en/collection/artists/toulouse-lautrec-henri,https://ngabiographies.org/biographies/henridetoulouselautrec | https://www.museothyssen.org/en/collection/artists/toulouse-lautrec-henri,,alta
Hermann Petzet,Nuremberg; Munique; Karlsruhe,Kunstgewerbeschule em Nuremberg; Königliche Akademie der Künste in München; Großherzoglich-Badische Kunstschule in Karlsruhe,1878-1881; 1881-1888,https://de.wikipedia.org/wiki/Hermann_Petzet | https://www.askart.com/bio/artist/11061172/artist,https://de.wikipedia.org/wiki/Hermann_Petzet | https://www.askart.com/bio/artist/11061172/artist,https://de.wikipedia.org/wiki/Hermann_Petzet | https://www.askart.com/bio/artist/11061172/artist,"As fontes também indicam estudos com Karl Raupp, Ludwig von Löfftz e Gustav Schönleber.",alta
Paul Gauguin,Orléans; Paris,Petit Séminaire de La Chapelle-Saint-Mesmin; Loriol Institute; Lycée Jeanne d'Arc; formação artística autodidata e informal com mentoria de Camille Pissarro,antes de 1865; formação artística sem data escolar precisa,https://en.wikipedia.org/wiki/Paul_Gauguin,https://en.wikipedia.org/wiki/Paul_Gauguin,https://en.wikipedia.org/wiki/Paul_Gauguin,A formação artística é explicitamente descrita como largely self-taught and informal.,media
http://www.wikidata.org/.well-known/genid/e88664364581caa3c9001788a6708562,,,,,,,identificador técnico/genid do Wikidata; autoria não desambiguada,
Columbano Bordalo Pinheiro,"Lisboa, Portugal; Paris, França",Academia de Belas-Artes de Lisboa; Academia Colarossi / ateliers em Paris,desde c. 1871; 1881–1883,https://pt.wikipedia.org/wiki/Columbano_Bordalo_Pinheiro,https://pt.wikipedia.org/wiki/Columbano_Bordalo_Pinheiro,https://pt.wikipedia.org/wiki/Columbano_Bordalo_Pinheiro,em Paris também estuda com Gustave Courtois e Raphael Collin,media
Antoine Vollon,Lyon; Paris,École des Beaux-Arts de Lyon,,https://en.wikipedia.org/wiki/Antoine_Vollon | https://www.britannica.com/biography/Antoine-Vollon,https://en.wikipedia.org/wiki/Antoine_Vollon | https://www.britannica.com/biography/Antoine-Vollon,,,media
Gustave Courbet,Besançon; Paris,Collège Royal de Besançon; estudos breves com Charles de Steuben,c.1837-1840,https://www.encyclopedia.com/people/literature-and-arts/european-art-1600-present-biographies/gustave-courbet | https://pt.wikipedia.org/wiki/Gustave_Courbet,https://www.encyclopedia.com/people/literature-and-arts/european-art-1600-present-biographies/gustave-courbet,https://www.encyclopedia.com/people/literature-and-arts/european-art-1600-present-biographies/gustave-courbet,A trajetória inclui formação independente no Louvre após estudo breve em ateliê.,media
Jean-Auguste-Dominique Ingres,Toulouse; Paris,Académie de Toulouse; ateliê de Jacques-Louis David; École des Beaux-Arts,1791-1796; 1797-1799,https://pt.wikipedia.org/wiki/Jean-Auguste_Dominique_Ingres,https://pt.wikipedia.org/wiki/Jean-Auguste_Dominique_Ingres,https://pt.wikipedia.org/wiki/Jean-Auguste_Dominique_Ingres,,alta
Eugène Delacroix,Paris,Lycée Impérial; École des Beaux-Arts; ateliê de Pierre-Narcisse Guérin,1813 em diante,https://www.ebsco.com/research-starters/history/eugene-delacroix | https://www.guiadasartes.com.br/eugene-delacroix/biografia,https://www.guiadasartes.com.br/eugene-delacroix/biografia | https://www.ebsco.com/research-starters/history/eugene-delacroix,https://www.guiadasartes.com.br/eugene-delacroix/biografia,,alta
E. F. Schute,,,,,,,identificação parcial e fontes divergentes sobre a autoria; formação não localizada,
http://www.wikidata.org/.well-known/genid/a074ee0082f8e857d8198b9c8f9aa415,,,,,,,identificador técnico/genid do Wikidata; autoria não desambiguada,
http://www.wikidata.org/.well-known/genid/e783a47718503a112e5d516ac016bf82,,,,,,,identificador técnico/genid do Wikidata; autoria não desambiguada,
http://www.wikidata.org/.well-known/genid/aebf6dd13146399f2532c7ffa0125cdc,,,,,,,identificador técnico/genid do Wikidata; autoria não desambiguada,
http://www.wikidata.org/.well-known/genid/f588509bece81ff10cb3462394468681,,,,,,,identificador técnico/genid do Wikidata; autoria não desambiguada,
Jan de Baen,Emden; Amsterdam,lições com o tio Hinderk Pyman; aluno de Jacob Adriaensz Backer,1645-1648,https://en.wikipedia.org/wiki/Jan_de_Baen,https://en.wikipedia.org/wiki/Jan_de_Baen,https://en.wikipedia.org/wiki/Jan_de_Baen,,alta
http://www.wikidata.org/.well-known/genid/8a6205b06235958d96a696e9f00a7b25,,,,,,,identificador técnico/genid do Wikidata; autoria não desambiguada,
J. M. W. Turner,Londres,Royal Academy Schools; formação com o desenhista Thomas Malton,a partir de 1789,https://en.wikipedia.org/wiki/J._M._W._Turner | https://www.tate.org.uk/art/artists/joseph-mallord-william-turner-558,https://en.wikipedia.org/wiki/J._M._W._Turner | https://www.tate.org.uk/art/artists/joseph-mallord-william-turner-558,https://en.wikipedia.org/wiki/J._M._W._Turner,,alta
"Sir Henry Chamberlain, 2nd Baronet",Londres,formação militar e diplomática britânica; estudos de desenho topográfico no contexto do serviço exterior,fim do séc. XVIII,https://pt.wikipedia.org/wiki/Henry_Chamberlain,https://pt.wikipedia.org/wiki/Henry_Chamberlain,,"As fontes biográficas abertas enfatizam carreira diplomática e prática de desenho, sem escola formal claramente identificada.",baixa
Thomas Ender,Viena,Academy of Fine Arts Vienna,desde 1806,https://en.wikipedia.org/wiki/Thomas_Ender | https://enciclopedia.itaucultural.org.br/pessoas/3910-thomas-ender,https://en.wikipedia.org/wiki/Thomas_Ender | https://enciclopedia.itaucultural.org.br/pessoas/3910-thomas-ender,https://enciclopedia.itaucultural.org.br/pessoas/3910-thomas-ender | https://en.wikipedia.org/wiki/Thomas_Ender,"As fontes citam estudo com Hubert Maurer, Laurenz Janscha e Joseph Mössmer.",alta
Henry Raeburn,Edimburgo,aprendiz com o ourives James Gilliland; formação em pintura de modo amplamente autodidata,c.1778 em diante,https://en.wikipedia.org/wiki/Henry_Raeburn | https://www.britannica.com/biography/Henry-Raeburn,https://en.wikipedia.org/wiki/Henry_Raeburn | https://www.britannica.com/biography/Henry-Raeburn,https://en.wikipedia.org/wiki/Henry_Raeburn,A formação formal em pintura é pouco estruturada nas fontes; registro conservador.,baixa
Thomas Lawrence,Inglaterra,"formação artística em grande parte autodidata, com orientação do pai",,https://en.wikipedia.org/wiki/Thomas_Lawrence,https://en.wikipedia.org/wiki/Thomas_Lawrence,,As fontes não sustentam escola formal clara; mantido como autodidata/orientação familiar.,baixa
Domingos Sequeira,Lisboa; Roma,Casa Pia de Lisboa; Aula Régia de Desenho; Academia Portuguesa de Roma,1781-1786; 1788 em diante,https://pt.wikipedia.org/wiki/Domingos_Sequeira | https://eviterbo.fcsh.unl.pt/wiki/Domingos_Sequeira,https://pt.wikipedia.org/wiki/Domingos_Sequeira | https://eviterbo.fcsh.unl.pt/wiki/Domingos_Sequeira,https://pt.wikipedia.org/wiki/Domingos_Sequeira | https://eviterbo.fcsh.unl.pt/wiki/Domingos_Sequeira,As fontes também mencionam aulas com Antonio Cavallucci em Roma.,alta
Gilbert Stuart,Newport; Escócia; Londres,formação com Cosmo Alexander; estudos com Benjamin West,c.1762-1765; 1775 em diante,https://en.wikipedia.org/wiki/Gilbert_Stuart | https://www.britannica.com/biography/Gilbert-Stuart,https://en.wikipedia.org/wiki/Gilbert_Stuart | https://www.britannica.com/biography/Gilbert-Stuart,https://en.wikipedia.org/wiki/Gilbert_Stuart,,media
Thomas Gainsborough,Londres,St Martin's Lane Academy; estudos com Hubert Gravelot e Francis Hayman,a partir de c.1740,https://en.wikipedia.org/wiki/Thomas_Gainsborough | https://www.britannica.com/biography/Thomas-Gainsborough,https://en.wikipedia.org/wiki/Thomas_Gainsborough | https://www.britannica.com/biography/Thomas-Gainsborough,https://en.wikipedia.org/wiki/Thomas_Gainsborough,,alta
Jean-Honoré Fragonard,Paris; Roma,formação com Jean-Siméon Chardin e François Boucher; Académie de France à Rome,c.1747 em diante; 1756-1761,https://en.wikipedia.org/wiki/Jean-Honor%C3%A9_Fragonard | https://www.britannica.com/biography/Jean-Honore-Fragonard,https://en.wikipedia.org/wiki/Jean-Honor%C3%A9_Fragonard | https://www.britannica.com/biography/Jean-Honore-Fragonard,https://en.wikipedia.org/wiki/Jean-Honor%C3%A9_Fragonard,,alta
Joshua Reynolds,Londres; Roma,aprendiz com Thomas Hudson; estudos de aperfeiçoamento em Roma,1740-1743; 1749-1752,https://en.wikipedia.org/wiki/Joshua_Reynolds | https://www.britannica.com/biography/Joshua-Reynolds,https://en.wikipedia.org/wiki/Joshua_Reynolds | https://www.britannica.com/biography/Joshua-Reynolds,https://en.wikipedia.org/wiki/Joshua_Reynolds,,alta
François-Hubert Drouais,Paris,"formação com o pai Hubert Drouais; estudos com Donat Nonotte, Charles-André van Loo e François Boucher",,https://en.wikipedia.org/wiki/Fran%C3%A7ois-Hubert_Drouais,https://en.wikipedia.org/wiki/Fran%C3%A7ois-Hubert_Drouais,,Sem cronologia consolidada nas fontes consultadas.,media
Jean-Marc Nattier,Paris,formação com Marc Nattier; orientação de Jean Jouvenet,,https://en.wikipedia.org/wiki/Jean-Marc_Nattier | https://www.britannica.com/biography/Jean-Marc-Nattier,https://en.wikipedia.org/wiki/Jean-Marc_Nattier | https://www.britannica.com/biography/Jean-Marc-Nattier,,Não foi identificada instituição formal única nas fontes consultadas.,media
Francesco Zugno,Veneza,ateliê de Giambattista Tiepolo,,https://en.wikipedia.org/wiki/Francesco_Zugno,https://en.wikipedia.org/wiki/Francesco_Zugno,,"Formação descrita por oficina/atelier, não por academia formal.",media
Giambattista Pittoni,Veneza,formação com o tio Francesco Pittoni,,https://en.wikipedia.org/wiki/Giambattista_Pittoni | https://www.britannica.com/biography/Giovanni-Battista-Pittoni,https://en.wikipedia.org/wiki/Giambattista_Pittoni | https://www.britannica.com/biography/Giovanni-Battista-Pittoni,,As fontes consultadas descrevem uma formação familiar/atelier.,baixa
Pierre Gobert,Paris,estudos com Pierre Mignard; Académie Royale de Peinture et de Sculpture,,https://en.wikipedia.org/wiki/Pierre_Gobert,https://en.wikipedia.org/wiki/Pierre_Gobert,,,media
Jean-Baptiste Pater,Valenciennes; Paris,formação inicial com o pai Antoine Pater; aluno de Antoine Watteau,,https://en.wikipedia.org/wiki/Jean-Baptiste_Pater | https://www.britannica.com/biography/Jean-Baptiste-Pater,https://en.wikipedia.org/wiki/Jean-Baptiste_Pater | https://www.britannica.com/biography/Jean-Baptiste-Pater,,Não foi localizada escola formal nomeada além da formação em oficina.,media
Michele Rocca,Parma; Roma,formação com Pietro da Cortona,,https://en.wikipedia.org/wiki/Michele_Rocca,https://en.wikipedia.org/wiki/Michele_Rocca,,Registro mantido de forma conservadora por escassez de cronologia detalhada.,baixa
Frans Post,Haarlem,formação com o pai Jan Janszoon Post; provável contato com Frans Hals,,https://en.wikipedia.org/wiki/Frans_Post | https://www.britannica.com/biography/Frans-Post,https://en.wikipedia.org/wiki/Frans_Post | https://www.britannica.com/biography/Frans-Post,,As fontes não sustentam academia formal identificável.,baixa
Salomon van Ruysdael,Haarlem,aluno de Esaias van de Velde,,https://en.wikipedia.org/wiki/Salomon_van_Ruysdael | https://www.britannica.com/biography/Salomon-van-Ruysdael,https://en.wikipedia.org/wiki/Salomon_van_Ruysdael | https://www.britannica.com/biography/Salomon-van-Ruysdael,,,media
Anthony van Dyck,Antuérpia,formação com Hendrick van Balen; trabalho no ateliê de Peter Paul Rubens,c.1609-1620,https://en.wikipedia.org/wiki/Anthony_van_Dyck | https://www.britannica.com/biography/Sir-Anthony-Van-Dyck,https://en.wikipedia.org/wiki/Anthony_van_Dyck | https://www.britannica.com/biography/Sir-Anthony-Van-Dyck,https://en.wikipedia.org/wiki/Anthony_van_Dyck,,alta
Nicolas Poussin,Rouen; Paris,estudos com Quentin Varin; formação com Ferdinand Elle e Georges Lallemant,c.1611-1622,https://en.wikipedia.org/wiki/Nicolas_Poussin | https://www.britannica.com/biography/Nicolas-Poussin,https://en.wikipedia.org/wiki/Nicolas_Poussin | https://www.britannica.com/biography/Nicolas-Poussin,https://en.wikipedia.org/wiki/Nicolas_Poussin,Não foi localizada academia formal consolidada nesse período inicial.,media
Francisco de Zurbarán,Sevilha,aprendiz com Pedro Díaz de Villanueva,1614-1617,https://en.wikipedia.org/wiki/Francisco_de_Zurbar%C3%A1n | https://www.britannica.com/biography/Francisco-de-Zurbaran,https://en.wikipedia.org/wiki/Francisco_de_Zurbar%C3%A1n | https://www.britannica.com/biography/Francisco-de-Zurbaran,https://en.wikipedia.org/wiki/Francisco_de_Zurbar%C3%A1n,,alta
Peter Paul Rubens,Antuérpia,"aprendiz com Tobias Verhaecht, Adam van Noort e Otto van Veen",c.1591-1598,https://en.wikipedia.org/wiki/Peter_Paul_Rubens | https://www.britannica.com/biography/Peter-Paul-Rubens,https://en.wikipedia.org/wiki/Peter_Paul_Rubens | https://www.britannica.com/biography/Peter-Paul-Rubens,https://en.wikipedia.org/wiki/Peter_Paul_Rubens,,alta
Hans Holbein the Younger,Augsburgo; Basileia,"formação com o pai Hans Holbein the Elder, em oficina familiar",,https://en.wikipedia.org/wiki/Hans_Holbein_the_Younger | https://www.britannica.com/biography/Hans-Holbein-the-Younger,https://en.wikipedia.org/wiki/Hans_Holbein_the_Younger | https://www.britannica.com/biography/Hans-Holbein-the-Younger,,Não foi identificada academia formal; formação registrada como oficina familiar.,media
Lucas Cranach the Elder,Kronach,formação com o pai Hans Maler,,https://en.wikipedia.org/wiki/Lucas_Cranach_the_Elder | https://www.britannica.com/biography/Lucas-Cranach-the-Elder,https://en.wikipedia.org/wiki/Lucas_Cranach_the_Elder | https://www.britannica.com/biography/Lucas-Cranach-the-Elder,,A formação é descrita nas fontes como familiar/oficina.,media
Paris Bordone,Veneza,ateliê de Ticiano,,https://en.wikipedia.org/wiki/Paris_Bordone | https://www.britannica.com/biography/Paris-Bordone,https://en.wikipedia.org/wiki/Paris_Bordone | https://www.britannica.com/biography/Paris-Bordone,,Formação em oficina/atelier.,media
Piero di Cosimo,Florença,aprendiz de Cosimo Rosselli,,https://en.wikipedia.org/wiki/Piero_di_Cosimo | https://www.britannica.com/biography/Piero-di-Cosimo,https://en.wikipedia.org/wiki/Piero_di_Cosimo | https://www.britannica.com/biography/Piero-di-Cosimo,,,media
Pietro Perugino,Perugia; Florença,oficina de Andrea del Verrocchio,c.1470s,https://en.wikipedia.org/wiki/Perugino | https://www.britannica.com/biography/Perugino,https://en.wikipedia.org/wiki/Perugino | https://www.britannica.com/biography/Perugino,https://en.wikipedia.org/wiki/Perugino,As fontes também mencionam formação inicial em Perugia antes da ida a Florença.,media
Giampietrino,Milão,formação na órbita/oficina de Leonardo da Vinci,,https://en.wikipedia.org/wiki/Giampietrino | https://www.britannica.com/biography/Giampietrino,https://en.wikipedia.org/wiki/Giampietrino | https://www.britannica.com/biography/Giampietrino,,"A atribuição de mestre é clara, mas a cronologia detalhada é incerta.",baixa
Mestre da Família Artés,Catalunha,oficina catalã medieval,,https://www.museodelprado.es/,https://www.museodelprado.es/,,"Trata-se de nome de convenção histórica, não de artista civil identificado; registrei apenas a tradição/oficina.",baixa
Ottaviano Nelli,Gubbio,provável formação com o pai Martino Nelli; tradição local umbriana,,https://en.wikipedia.org/wiki/Ottaviano_Nelli,https://en.wikipedia.org/wiki/Ottaviano_Nelli,,Registro prudente por escassez de documentação formativa detalhada.,baixa
Paolo Serafini,Módena; Bolonha,formação com o pai Serafino Serafini; trabalho formativo ao lado de Simone dei Crocefissi,"antes de 1371; documentado em 1371 em San Domenico, Bolonha",https://pt.wikipedia.org/wiki/Paolo_Serafini_da_Modena,https://pt.wikipedia.org/wiki/Paolo_Serafini_da_Modena,https://pt.wikipedia.org/wiki/Paolo_Serafini_da_Modena,"A formação é reconstruída por vínculos familiares e de oficina, não por academia formal.",media
Master of the Bigallo Crucifixion,,,,,,,mestre anônimo/identidade incerta; formação não documentada,
Carlos Vázquez Úbeda,Ciudad Real; Madri; Paris,formação inicial com Joaquín Herrer y Rodríguez; Academia de Bellas Artes de San Fernando; estudos com Léon Bonnat,até 1889; 1889 em diante,https://www.museodelprado.es/coleccion/artista/vazquez-ubeda-carlos/a81a11e7-5afa-459b-83af-ea6ef9c8c7c3 | https://en.wikipedia.org/wiki/Carlos_V%C3%A1zquez_%C3%9Abeda,https://www.museodelprado.es/coleccion/artista/vazquez-ubeda-carlos/a81a11e7-5afa-459b-83af-ea6ef9c8c7c3 | https://en.wikipedia.org/wiki/Carlos_V%C3%A1zquez_%C3%9Abeda,https://www.museodelprado.es/coleccion/artista/vazquez-ubeda-carlos/a81a11e7-5afa-459b-83af-ea6ef9c8c7c3,,alta
Erwin Günther,Düsseldorf,Kunstakademie Düsseldorf,sem data exata na fonte,https://de.wikipedia.org/wiki/Erwin_G%C3%BCnther_%28Maler%29,https://de.wikipedia.org/wiki/Erwin_G%C3%BCnther_%28Maler%29,https://de.wikipedia.org/wiki/Erwin_G%C3%BCnther_%28Maler%29,A fonte também informa Olof Jernberg como professor.,alta
Ludolf Bakhuizen,Amsterdam,estudos com Allart van Everdingen e Hendrik Dubbels,,https://en.wikipedia.org/wiki/Ludolf_Bakhuizen,https://en.wikipedia.org/wiki/Ludolf_Bakhuizen,,,alta
http://www.wikidata.org/.well-known/genid/7abf7c2dfa8d52c97e26ef2c322676bb,,,,,,,identificador técnico/genid do Wikidata; autoria não desambiguada,
Eugène Laermans,Bruxelas,Académie Royale des Beaux-Arts,desde 1887,https://en.wikipedia.org/wiki/Eug%C3%A8ne_Laermans,https://en.wikipedia.org/wiki/Eug%C3%A8ne_Laermans,https://en.wikipedia.org/wiki/Eug%C3%A8ne_Laermans,A fonte cita estudo com Jean-François Portaels.,alta
Emile Claus,Waregem; Antuérpia,Academy of Waregem; Antwerp Academy of Fine Arts,infância; 1869-1874,https://en.wikipedia.org/wiki/Emile_Claus,https://en.wikipedia.org/wiki/Emile_Claus,https://en.wikipedia.org/wiki/Emile_Claus,A fonte também cita Jacob Jacobs e Nicaise de Keyser como mestres.,alta
Augusto Bracet,"Rio de Janeiro, RJ; Itália; França",Escola Nacional de Belas Artes,1902; 1911–1914,https://www.guiadasartes.com.br/augusto-bracet/biografia ; https://pt.wikipedia.org/wiki/Augusto_Bracet,https://www.guiadasartes.com.br/augusto-bracet/biografia ; https://pt.wikipedia.org/wiki/Augusto_Bracet,https://pt.wikipedia.org/wiki/Augusto_Bracet,na Europa estudou com Morelli e Louis Billoul; as fontes consultadas não especificam instituição formal,media
Adrien Henri Vital van Emelen,Lovaina; Paris,Escola de Belas Artes de Lovaina; estudos com Constantin Meunier; aperfeiçoamento com Auguste Rodin,1892 em Paris; demais datas sem cronologia completa na fonte,https://pt.wikipedia.org/wiki/Adrien_Henri_Vital_van_Emelen,https://pt.wikipedia.org/wiki/Adrien_Henri_Vital_van_Emelen,https://pt.wikipedia.org/wiki/Adrien_Henri_Vital_van_Emelen,,alta
Maria Augusta da Costa Carvalho,Rio de Janeiro,"estudo de desenho com Presciliano Silva; pintura com Osvaldo Teixeira, Emídio Magalhães, João Medeiros e Paulo Marinho",sem data precisa na fonte,https://www.catalogodasartes.com.br/artista/M.%20Augusta/ | https://www.catalogodasartes.com.br/artista/Maria%20Augusta%20-%20M.Augusta-%20M.%20Augusta%20-%20M%20Augusta/,https://www.catalogodasartes.com.br/artista/M.%20Augusta/ | https://www.catalogodasartes.com.br/artista/Maria%20Augusta%20-%20M.Augusta-%20M.%20Augusta%20-%20M%20Augusta/,https://www.catalogodasartes.com.br/artista/M.%20Augusta/,"A formação recuperada é por mestres, não por instituição formal nomeada.",media
Jules-Victor-André Martin,Marselha; Paris,École des Beaux-Arts de Marseille; ateliê de pintura em Paris,1844; 1852-1855,https://pt.wikipedia.org/wiki/Jules_Martin | https://jundpedia.com.br/martin-jules-victor-andre/ | https://www.brasilianaiconografica.art.br/autores/20121/jules-martin,https://pt.wikipedia.org/wiki/Jules_Martin | https://jundpedia.com.br/martin-jules-victor-andre/ | https://www.brasilianaiconografica.art.br/autores/20121/jules-martin,https://pt.wikipedia.org/wiki/Jules_Martin | https://jundpedia.com.br/martin-jules-victor-andre/,As fontes indicam formação em desenho na escola de Marselha e trabalho/aperfeiçoamento em ateliê parisiense.,alta
Carlo De Servi,Lucca; Roma,Escola de Belas Artes de Lucca; estudos em Roma com Alfredo Norfini,,https://pt.wikipedia.org/wiki/Carlo_De_Servi | https://www.catalogodasartes.com.br/artista/Carlo%20de%20Servi/,https://pt.wikipedia.org/wiki/Carlo_De_Servi | https://www.catalogodasartes.com.br/artista/Carlo%20de%20Servi/,,,alta
Édouard Viénot,Paris,École des Beaux-Arts; discípulo de Louis Hersent e Paulin Guérin,ingresso em 4 out. 1822,https://pt.wikipedia.org/wiki/%C3%89douard_Vi%C3%A9not | https://artsandculture.google.com/entity/%C3%89douard-vi%C3%A9not/m05c3q8,https://pt.wikipedia.org/wiki/%C3%89douard_Vi%C3%A9not | https://artsandculture.google.com/entity/%C3%89douard-vi%C3%A9not/m05c3q8,https://pt.wikipedia.org/wiki/%C3%89douard_Vi%C3%A9not | https://artsandculture.google.com/entity/%C3%89douard-vi%C3%A9not/m05c3q8,,alta
Franco Sá Boris,Belo Horizonte,Escola Guignard,,https://enciclopedia.itaucultural.org.br/,https://enciclopedia.itaucultural.org.br/,,Registro institucional prudente.,baixa
Edmond Viancin,França,formação artística francesa; instituição não identificada na fonte aberta consultada,,https://www.brasilianaiconografica.art.br/,,,Dados abertos insuficientes para instituição específica.,baixa
Maximiliano Scholze,Alemanha,formação acadêmica alemã; instituição não identificada na fonte aberta consultada,,https://www.wikidata.org/wiki/Q116444293,https://www.wikidata.org/wiki/Q116444293,,"Registro conservador com fonte aberta estruturada, sem detalhe cronológico suficiente.",baixa
Aurélio Zimmermann,Berlim; Dresden,Escola de Belas Artes de Berlim; Escola de Belas Artes de Dresden,,https://pt.wikipedia.org/wiki/Aur%C3%A9lio_Zimmermann,https://pt.wikipedia.org/wiki/Aur%C3%A9lio_Zimmermann,,,alta
Campos Ayres,Avaré; Paris,formação autodidata inicial; Pensionato Artístico do Estado de São Paulo; Académie Julian,até 1909; 1909-1910,https://www.ufrgs.br/acervopbsa/autor_/campos-ayres-diogenes/ | https://pt.wikipedia.org/wiki/Campos_Ayres,https://www.ufrgs.br/acervopbsa/autor_/campos-ayres-diogenes/ | https://pt.wikipedia.org/wiki/Campos_Ayres,https://www.ufrgs.br/acervopbsa/autor_/campos-ayres-diogenes/ | https://pt.wikipedia.org/wiki/Campos_Ayres,"As fontes também citam aulas com Henry Royer, Robert Fleury/Tony Robert-Fleury e Jean-Paul Laurens em Paris.",alta
Graciliano Vicente Xavier,São Paulo,Liceu de Artes e Ofícios de São Paulo; aperfeiçoamento com Almeida Júnior,sem datas exatas na fonte,https://pt.wikipedia.org/wiki/Graciliano_Vicente_Xavier,https://pt.wikipedia.org/wiki/Graciliano_Vicente_Xavier,https://pt.wikipedia.org/wiki/Graciliano_Vicente_Xavier,A fonte disponível informa que foi discípulo de Jules Martin no Liceu de Artes e Ofícios de São Paulo e que depois se aperfeiçoou com Almeida Júnior.,alta
José Maria da Silva Paranhos,Rio de Janeiro,"Academia Real dos Guardas Marinhas; Real Academia de Artilharia, Fortificação e Desenho; Escola Militar",1841; formatura em 1843,https://pt.wikipedia.org/wiki/Jos%C3%A9_Maria_da_Silva_Paranhos,https://pt.wikipedia.org/wiki/Jos%C3%A9_Maria_da_Silva_Paranhos,https://pt.wikipedia.org/wiki/Jos%C3%A9_Maria_da_Silva_Paranhos,O creator corresponde ao Visconde do Rio Branco; a fonte aberta documenta a formação militar e de engenharia.,alta
Bernhard Wiegandt,Munique,Academia de Belas Artes de Munique,1880,https://pt.wikipedia.org/wiki/Bernhard_Wiegandt | https://www.brasilianaiconografica.art.br/autores/19894/bernhard-wiegandt,https://pt.wikipedia.org/wiki/Bernhard_Wiegandt,https://pt.wikipedia.org/wiki/Bernhard_Wiegandt,A página também menciona aulas com Julius von Benczúr e Ludwig von Löfftz.,alta
José Joaquim Monteiro França,Rio de Janeiro,Academia Imperial de Belas Artes (Aiba),,https://enciclopedia.itaucultural.org.br/,https://enciclopedia.itaucultural.org.br/,,Sem cronologia detalhada na fonte aberta localizada.,baixa
Hugo Calgan,França,formação artística francesa; instituição não identificada na fonte aberta consultada,,https://www.brasilianaiconografica.art.br/,,,Insuficiência de fonte aberta detalhada.,baixa
Fernandes Machado,Rio de Janeiro; Paris,Escola Nacional de Belas Artes (Enba); Académie Julien,1889; após 1901,https://pt.wikipedia.org/wiki/Fernandes_Machado | https://enciclopedia.itaucultural.org.br/pessoas/6826-fernandes-machado,https://pt.wikipedia.org/wiki/Fernandes_Machado | https://www.escritoriodearte.com/artista/fernandes-machado,https://pt.wikipedia.org/wiki/Fernandes_Machado | https://enciclopedia.itaucultural.org.br/pessoas/6826-fernandes-machado,"As fontes abertas também nomeiam José Maria de Medeiros, Pedro Weingärtner, Modesto Broccos, Rodolfo Amoedo e Henrique Bernardelli como mestres.",alta
Jules Ballá,Paris,ateliê e prática artística francesa; instituição não identificada com clareza em fonte aberta,,https://www.brasilianaiconografica.art.br/,,,Mantido em formulação prudente por falta de detalhe aberto.,baixa
Salvador Escolá Arimany,Barcelona; Roma,Academia de Belas Artes de Barcelona,antes de 1876; ida posterior a Roma para completar a formação,https://pt.wikipedia.org/wiki/Salvador_Escol%C3%A1_Arimany | https://www.salvadorescola.org/,https://pt.wikipedia.org/wiki/Salvador_Escol%C3%A1_Arimany | https://www.salvadorescola.org/,https://pt.wikipedia.org/wiki/Salvador_Escol%C3%A1_Arimany | https://www.salvadorescola.org/,"A escola de Barcelona é nomeada; a etapa romana aparece como complemento de formação, sem academia identificada na fonte aberta.",media
Louis Guédy,Paris,École des Beaux-Arts de Paris,antes de 1877,https://pt.wikipedia.org/wiki/Louis_Gu%C3%A9dy | https://www.musee-orsay.fr/en/ressources/artists-personalities-catalog/louis-guedy-14357,https://pt.wikipedia.org/wiki/Louis_Gu%C3%A9dy,https://pt.wikipedia.org/wiki/Louis_Gu%C3%A9dy,A fonte aberta também informa que foi aluno de Adolphe Yvon.,alta
Gaspar Falco,Itália,formação italiana; instituição não identificada na fonte aberta consultada,,https://www.catalogodasartes.com.br/,,,Dados abertos insuficientes para nomear escola.,baixa
Franco Sá Luís,Belo Horizonte,Escola Guignard,,https://enciclopedia.itaucultural.org.br/,https://enciclopedia.itaucultural.org.br/,,Registro institucional prudente.,baixa
Ferdinand Piereck,Alemanha,formação artística alemã; instituição não identificada na fonte aberta consultada,,https://www.wikidata.org/wiki/Q42848766,https://www.wikidata.org/wiki/Q42848766,,Registro conservador por ausência de cronologia formativa aberta suficiente.,baixa
Oreste Sercelli,Florença,Escola Profissional de Artes Industriais e Decorativas de Florença,,https://pt.wikipedia.org/wiki/Oreste_Sercelli,https://pt.wikipedia.org/wiki/Oreste_Sercelli,,A fonte também o descreve como professor de artes decorativas ao chegar ao Brasil.,alta
Jorge Manuel Theocupulus,Toledo,oficina/ateliê de El Greco,até 1614,https://en.wikipedia.org/wiki/Jorge_Manuel_Theotoc%C3%B3puli | https://www.museodelprado.es/en/coleccion/autores?search=Theotoc%C3%B3puli%2C+Jorge+Manuel,https://en.wikipedia.org/wiki/Jorge_Manuel_Theotoc%C3%B3puli | https://www.museodelprado.es/en/coleccion/autores?search=Theotoc%C3%B3puli%2C+Jorge+Manuel,https://en.wikipedia.org/wiki/Jorge_Manuel_Theotoc%C3%B3puli,O creator está grafado como 'Theocupulus'; as fontes biográficas abertas usam 'Theotocópuli'.,media
Georges Corbisier,Bélgica,formação artística belga; instituição não identificada na fonte aberta consultada,,https://www.brasilianaiconografica.art.br/,,,Fonte aberta insuficiente para nomear escola formal.,baixa
Alberto Lima,Brasil,formação artística brasileira; instituição não identificada na fonte aberta consultada,,https://enciclopedia.itaucultural.org.br/,,,Nome amplo e fontes abertas insuficientes nesta rodada.,baixa
M. Sá,,,,,,,assinatura abreviada; não foi possível desambiguar com segurança,
Roberto Mertig,Brasil,formação artística brasileira; instituição não identificada na fonte aberta consultada,,https://www.catalogodasartes.com.br/,,,Sem base aberta detalhada suficiente.,baixa
António Carneiro,Porto; Paris,Academia Portuense de Belas-Artes; Académie Julian,ingresso em 1884; estudos em Paris a partir de 1897,https://amarantetourism.com/poi/antonio-carneiro/ | https://www.infopedia.pt/artigos/%24antonio-carneiro | https://pt.wikipedia.org/wiki/Ant%C3%B3nio_Carneiro,https://amarantetourism.com/poi/antonio-carneiro/ | https://www.infopedia.pt/artigos/%24antonio-carneiro,https://amarantetourism.com/poi/antonio-carneiro/ | https://pt.wikipedia.org/wiki/Ant%C3%B3nio_Carneiro,A Infopédia menciona ainda Soares dos Reis e Marques de Oliveira como mestres na academia do Porto.,alta
António Carvalho de Silva Porto,Porto; Paris,Academia Portuense de Belas Artes; École des Beaux-Arts de Paris,matrícula em 1865; 1873 em diante,https://pt.wikipedia.org/wiki/Ant%C3%B3nio_da_Silva_Porto | https://sigarra.up.pt/up/pt/p/antigos%20estudantes%20ilustres%20-%20ant%C3%B3nio%20silva%20porto,https://pt.wikipedia.org/wiki/Ant%C3%B3nio_da_Silva_Porto | https://sigarra.up.pt/up/pt/p/antigos%20estudantes%20ilustres%20-%20ant%C3%B3nio%20silva%20porto,https://pt.wikipedia.org/wiki/Ant%C3%B3nio_da_Silva_Porto,As fontes citam aulas com Adolphe Yvon e Alexandre Cabanel em Paris.,alta
http://www.wikidata.org/.well-known/genid/cada7d1e5915ebd50cba2d437d575695,,,,,,,identificador técnico/genid do Wikidata; autoria não desambiguada,
Arnaud Pallière,Paris,estudos de retrato e pintura histórica em Paris,1805,https://pt.wikipedia.org/wiki/Arnaud_Palli%C3%A8re,https://pt.wikipedia.org/wiki/Arnaud_Palli%C3%A8re,https://pt.wikipedia.org/wiki/Arnaud_Palli%C3%A8re,"A fonte informa a cidade e a área de estudo, mas não nomeia instituição específica.",baixa
Friedrich Salathé,Suíça; Paris,formação em gravura suíça; aperfeiçoamento em Paris,,https://de.wikipedia.org/wiki/Friedrich_Salath%C3%A9,https://de.wikipedia.org/wiki/Friedrich_Salath%C3%A9,,A fonte aberta não detalha com precisão instituições formais específicas.,media
Jean-Frédéric Bosset de Luze,Suíça,formação militar e de desenho técnico suíço,,https://www.brasilianaiconografica.art.br/autores/19859/jean-frederic-bosset-de-luze,https://www.brasilianaiconografica.art.br/autores/19859/jean-frederic-bosset-de-luze,,Autor identificado sobretudo por perfil militar-viajante; sem escola formal nomeada na fonte aberta consultada.,baixa
Friedrich Dürck,Leipzig; Munique,Leipzig Art Academy; Munich Academy,1822 em diante; ingresso na academia de Munique dois anos depois,https://en.wikipedia.org/wiki/Friedrich_D%C3%BCrck,https://en.wikipedia.org/wiki/Friedrich_D%C3%BCrck,https://en.wikipedia.org/wiki/Friedrich_D%C3%BCrck,A formação posterior em Munique ocorreu sob direção e apoio do tio Joseph Stieler.,alta
Thomas Lyde Hornbrook,Inglaterra,formação militar britânica e prática de desenho topográfico,,https://www.brasilianaiconografica.art.br/autores/20146/thomas-lyde-hornbrook,https://www.brasilianaiconografica.art.br/autores/20146/thomas-lyde-hornbrook,,A fonte aberta consultada não nomeia instituição específica.,baixa
http://www.wikidata.org/.well-known/genid/f281880a5bbd14086319e28902b3ff56,,,,,,,identificador técnico/genid do Wikidata; autoria não desambiguada,
http://www.wikidata.org/.well-known/genid/5e2ba733a56971d68646fef0d3417ce0,,,,,,,identificador técnico/genid do Wikidata; autoria não desambiguada,
http://www.wikidata.org/.well-known/genid/3ecf3f839b8a8d5391013d4e1e7a161e,,,,,,,identificador técnico/genid do Wikidata; autoria não desambiguada,
http://www.wikidata.org/.well-known/genid/6a95033c05c3fd2316b022d2a319d8cc,,,,,,,identificador técnico/genid do Wikidata; autoria não desambiguada,
Jules Marie Vincent de Sinety,"Angoulême, França",escola da Marinha de Angoulême,1827,https://www.brasilianaiconografica.art.br/artigos/23686/0,https://www.brasilianaiconografica.art.br/artigos/23686/0,https://www.brasilianaiconografica.art.br/artigos/23686/0,A fonte ressalta que se trata de oficial da Marinha e artista amador; registrei apenas a formação documentada.,alta
Samuel Walters,Liverpool,Liverpool Academy; formação inicial com o pai Miles Walters,,https://www.askart.com/bio/Samuel_Walters/9000406/Samuel_Walters | https://en.wikipedia.org/wiki/Samuel_Walters_%28artist%29,https://www.askart.com/bio/Samuel_Walters/9000406/Samuel_Walters | https://en.wikipedia.org/wiki/Samuel_Walters_%28artist%29,,A Wikipedia também o descreve como amplamente autodidata após ensino paterno.,media
Albert Eckhout,Países Baixos,formação em pintura com Gheert Roeleffs (tio),antes de 1636,https://pesquisaescolar.fundaj.gov.br/pt-br/artigo/eckhout-albert/ | https://www.guiadasartes.com.br/albert-van-der-eckhout/principais-obras,https://pesquisaescolar.fundaj.gov.br/pt-br/artigo/eckhout-albert/ | https://www.guiadasartes.com.br/albert-van-der-eckhout/principais-obras,https://pesquisaescolar.fundaj.gov.br/pt-br/artigo/eckhout-albert/,As fontes recuperadas não nomeiam uma academia formal; a formação aparece como aprendizado com o tio pintor.,media
G. Le Barbier,,,,,,,assinatura abreviada; não foi possível desambiguar com segurança,
Benno Treidler,Berlim,Academia de Belas Artes de Berlim,1875-1880,https://enciclopedia.itaucultural.org.br/pessoas/6622-benno-treidler,https://enciclopedia.itaucultural.org.br/pessoas/6622-benno-treidler,https://enciclopedia.itaucultural.org.br/pessoas/6622-benno-treidler,A fonte aberta também cita Christian Wilberg e Lechner como mestres.,alta
Franz Keller-Leuzinger,Karlsruhe,Lyceum de Karlsruhe; Polytechnische Schule de Karlsruhe,a partir de 1841; sem data final exata,https://www.deutsche-biographie.de/116125632.html?language=en,https://www.deutsche-biographie.de/116125632.html?language=en,https://www.deutsche-biographie.de/116125632.html?language=en,A referência biográfica registra a mudança da família para Karlsruhe e o estudo posterior no liceu e na escola politécnica.,alta
http://www.wikidata.org/.well-known/genid/6335dcc3df47be4077af904713ed7e55,,,,,,,identificador técnico/genid do Wikidata; autoria não desambiguada,
http://www.wikidata.org/.well-known/genid/38b69678ad71e36b7286e4a02c20afbb,,,,,,,identificador técnico/genid do Wikidata; autoria não desambiguada,
Victor Barrat,França,formação artística francesa; instituição não identificada na fonte aberta consultada,,https://www.brasilianaiconografica.art.br/,,,Registro prudente por carência de detalhe aberto.,baixa
O. Brieu,,,,,,,assinatura abreviada; não foi possível desambiguar com segurança,
Karl Robert von Planitz,"Dresden, Alemanha",Akademie der Bildenden Künste Dresden,1920s,https://de.wikipedia.org/wiki/Karl_Robert_Planitz,https://de.wikipedia.org/wiki/Karl_Robert_Planitz,https://de.wikipedia.org/wiki/Karl_Robert_Planitz,datas aproximadas,media
http://www.wikidata.org/.well-known/genid/080220935f16db9e227a858c790d7148,,,,,,,identificador técnico/genid do Wikidata; autoria não desambiguada,
Friedrich Hagedorn,Munique,Academia de Belas Artes de Munique,,https://pt.wikipedia.org/wiki/Friedrich_Hagedorn,https://pt.wikipedia.org/wiki/Friedrich_Hagedorn,,"A página recuperada informa a alma mater, mas não traz cronologia detalhada.",media
Willem Roelofs,Haia,Academy for Visual Arts; ateliê de Hendrik van de Sande Bakhuyzen,a partir de 1839,https://en.wikipedia.org/wiki/Willem_Roelofs | https://alazraki.com/artworks/artists/roelofs-willem/,https://en.wikipedia.org/wiki/Willem_Roelofs | https://alazraki.com/artworks/artists/roelofs-willem/,https://en.wikipedia.org/wiki/Willem_Roelofs,A fonte também registra aulas anteriores com Abraham Hendrik Winter.,alta
Sydenham Edwards,Grã-Bretanha,estudos de ilustração botânica com William Curtis,antes de 1787,https://artcollection.dcms.gov.uk/person/edwards-sydenham-teast/ | https://en.wikipedia.org/wiki/Sydenham_Edwards,https://artcollection.dcms.gov.uk/person/edwards-sydenham-teast/ | https://en.wikipedia.org/wiki/Sydenham_Edwards,https://en.wikipedia.org/wiki/Sydenham_Edwards,"As fontes descrevem formação com William Curtis, sem instituição formal nomeada.",media
http://www.wikidata.org/.well-known/genid/d5fb4227dbd1b24e1e6df597a39f4f7d,,,,,,,identificador técnico/genid do Wikidata; autoria não desambiguada,
http://www.wikidata.org/.well-known/genid/97762c7190b051f41679a6c313ef4270,,,,,,,identificador técnico/genid do Wikidata; autoria não desambiguada,
http://www.wikidata.org/.well-known/genid/37bbd2c346d3f312564edfdd8238b913,,,,,,,identificador técnico/genid do Wikidata; autoria não desambiguada,
William Gore Ouseley,"Trinity College, Dublin",Trinity College Dublin,,https://en.wikipedia.org/wiki/William_Gore_Ouseley,https://en.wikipedia.org/wiki/William_Gore_Ouseley,,"A fonte aberta documenta formação universitária, não artística.",alta
Joseph Tully,Irlanda; Inglaterra,formação militar e prática de desenho topográfico,,https://www.brasilianaiconografica.art.br/autores/20161/joseph-tully,https://www.brasilianaiconografica.art.br/autores/20161/joseph-tully,,Sem escola formal identificada na fonte aberta consultada.,baixa
http://www.wikidata.org/.well-known/genid/c2e5ddcb7e9dcc869ba864ddb88ea1e6,,,,,,,identificador técnico/genid do Wikidata; autoria não desambiguada,
http://www.wikidata.org/.well-known/genid/6a07d49cbbd510fbcab9deb1c459dca4,,,,,,,identificador técnico/genid do Wikidata; autoria não desambiguada,
http://www.wikidata.org/.well-known/genid/7886fe43301edbf876fccbd8fc042f04,,,,,,,identificador técnico/genid do Wikidata; autoria não desambiguada,
http://www.wikidata.org/.well-known/genid/57b60546bbb2d883044a08e25647f776,,,,,,,identificador técnico/genid do Wikidata; autoria não desambiguada,
http://www.wikidata.org/.well-known/genid/72abd18d49b091ca9ea910e4ec1f9dd4,,,,,,,identificador técnico/genid do Wikidata; autoria não desambiguada,
http://www.wikidata.org/.well-known/genid/ec6fa71bf29bffc86142f69c0a55b9a1,,,,,,,,
Hippolyte Vanderburch,Paris,formação literária e teatral em Paris,,https://fr.wikipedia.org/wiki/Hippolyte_Vanderburch,https://fr.wikipedia.org/wiki/Hippolyte_Vanderburch,,Não localizei instituição formal específica; mantida formulação conservadora.,baixa
Joaquim Cândido Guilhobel,Rio de Janeiro,Academia Imperial de Belas Artes,matrícula em 1827,https://pt.wikipedia.org/wiki/Joaquim_C%C3%A2ndido_Guilhobel | https://eviterbo.fcsh.unl.pt/wiki/Joaquim_C%C3%A2ndido_Guilhobel,https://pt.wikipedia.org/wiki/Joaquim_C%C3%A2ndido_Guilhobel,https://pt.wikipedia.org/wiki/Joaquim_C%C3%A2ndido_Guilhobel,"Na Academia, fez o curso de arquitetura com Grandjean de Montigny.",alta
http://www.wikidata.org/.well-known/genid/e06b9e31fc13c8a6a32072e0c3d784a5,,,,,,,,
Jean Joseph Bilfeldt,França,formação militar francesa,,https://www.brasilianaiconografica.art.br/autores/19939/jean-joseph-bilfeldt,https://www.brasilianaiconografica.art.br/autores/19939/jean-joseph-bilfeldt,,Autor identificado sobretudo como militar e desenhista viajante; sem escola nomeada na fonte aberta consultada.,baixa
Franz Josef Frühbeck,Viena,Akademie der bildenden Künste Wien,,https://www.wikidata.org/wiki/Q20956326,https://www.wikidata.org/wiki/Q20956326,,Registro conservador com base em fonte aberta estruturada; cronologia não localizada nesta rodada.,baixa
http://www.wikidata.org/.well-known/genid/d254eddd80214be29b8afc46377c1687,,,,,,,,
Gabriel Duperré,Paris,École des Beaux-Arts de Paris,,https://data.bnf.fr/fr/14968232/gabriel_duperre/,https://data.bnf.fr/fr/14968232/gabriel_duperre/,,A identificação formativa foi mantida de forma prudente por escassez de cronologia aberta.,media
Georges Capgras,França,formação artística francesa; instituição não identificada na fonte aberta consultada,,https://www.brasilianaiconografica.art.br/autores/19923/georges-capgras,https://www.brasilianaiconografica.art.br/autores/19923/georges-capgras,,"A fonte aberta identifica o autor, mas não detalha escola formal.",baixa
Carl Friedrich Philipp von Martius,Erlangen; Baviera,Friedrich-Alexander-Universität Erlangen; Royal Bavarian Academy,doutorado em medicina antes de 1814; 1814-1817,https://arquivo.acad-ciencias.pt/details?detailsType=Authority&id=20910 | https://www.britannica.com/biography/Karl-Friedrich-Philipp-von-Martius,https://arquivo.acad-ciencias.pt/details?detailsType=Authority&id=20910 | https://www.britannica.com/biography/Karl-Friedrich-Philipp-von-Martius,https://www.britannica.com/biography/Karl-Friedrich-Philipp-von-Martius | https://arquivo.acad-ciencias.pt/details?detailsType=Authority&id=20910,Creator tratado como botânico/ilustrador-viajante; dados de formação acadêmica são bem documentados.,alta
http://www.wikidata.org/.well-known/genid/a1e3d5f53e56541708bb80e9f6d47c4c,,,,,,,,
http://www.wikidata.org/.well-known/genid/db29de7201b1ec3d53c4b4b780d17c8e,,,,,,,,
http://www.wikidata.org/.well-known/genid/30a2a2c996e6b42b86d8a47707928d22,,,,,,,,
http://www.wikidata.org/.well-known/genid/f279e99cac2bf078a45276effd823382,,,,,,,,
http://www.wikidata.org/.well-known/genid/94f57d28737fd87a283b06a307b495a3,,,,,,,,
http://www.wikidata.org/.well-known/genid/1223087b179f3d6a503ab888a12d9f34,,,,,,,,
http://www.wikidata.org/.well-known/genid/4e9a1218e9917058c51a0e073355dada,,,,,,,,
http://www.wikidata.org/.well-known/genid/fee76c1d16676bc974327aab64ea381f,,,,,,,,
Benjamin Mary,Bélgica,"treinamento desde a infância com um tio, incluindo fundamentos de desenho e gravura",,https://www.brasilianaiconografica.org.br/artigos/20213/o-diplomata-e-desenhista-benjamin-mary | https://pt.wikipedia.org/wiki/Benjamin_Mary,https://www.brasilianaiconografica.org.br/artigos/20213/o-diplomata-e-desenhista-benjamin-mary,,"A fonte disponível descreve formação inicial familiar, sem escola formal nomeada.",media
Germano Wahnschaffe,Alemanha,formação alemã em história natural e desenho científico,,https://pt.wikipedia.org/wiki/Germano_Wahnschaffe,https://pt.wikipedia.org/wiki/Germano_Wahnschaffe,,A fonte aberta biográfica enfatiza carreira científica; instituição específica não foi detalhada nesta rodada.,baixa
http://www.wikidata.org/.well-known/genid/daffcfc7ad3f75e9d8990e408f6fc871,,,,,,,,
http://www.wikidata.org/.well-known/genid/4971671386509e52e2cb8820e0a4274c,,,,,,,,
http://www.wikidata.org/.well-known/genid/289ac352ef9f08fd51ed6eac0156478c,,,,,,,,
http://www.wikidata.org/.well-known/genid/0487d4be4787264e0d5746b5ea4966fc,,,,,,,,
http://www.wikidata.org/.well-known/genid/d1614964f9f70100b19030f1b3c7eb9a,,,,,,,,
http://www.wikidata.org/.well-known/genid/c364d7bac0cae81c83a1cc1cab25995b,,,,,,,,
http://www.wikidata.org/.well-known/genid/3b20da0a826204e9843bec8f42999d5f,,,,,,,,
Maria Luiza Pompeu,Campinas,estudos com Alfredo Norfini,,https://pt.wikipedia.org/wiki/Maria_Luiza_Pompeu,https://pt.wikipedia.org/wiki/Maria_Luiza_Pompeu,,"A fonte recuperada registra o mestre, não uma escola formal.",media
André Figurey,Lyon; Paris,École des Beaux-Arts de Lyon; ateliês de gravura em Paris,,https://fr.wikipedia.org/wiki/Andr%C3%A9_Figurey,https://fr.wikipedia.org/wiki/Andr%C3%A9_Figurey,,Formação reconstruída a partir de fontes biográficas abertas francesas.,media
I. de Sampaio Mathissen,,,,,,,,
Alípio Dutra,Piracicaba; Paris; Bruxelas,Escola Complementar de Piracicaba; Academia Julian; Real Academia de Belas Artes de Bruxelas; Escola Nacional de Belas Artes de Paris,formação concluída em 1909; 1913-1914; 1918; 1921-1923,https://pt.wikipedia.org/wiki/Al%C3%ADpio_Dutra | https://enciclopedia.itaucultural.org.br/pessoas/6462-alipio-dutra,https://pt.wikipedia.org/wiki/Al%C3%ADpio_Dutra | https://enciclopedia.itaucultural.org.br/pessoas/6462-alipio-dutra,https://pt.wikipedia.org/wiki/Al%C3%ADpio_Dutra | https://enciclopedia.itaucultural.org.br/pessoas/6462-alipio-dutra,A cronologia europeia é particularmente clara nas fontes consultadas.,alta
F. Mallio,,,,,,,,
J. Stewart,,,,,,,,
José Hertzer,Brasil,formação artística brasileira; instituição não identificada na fonte aberta consultada,,https://www.catalogodasartes.com.br/,,,Não localizei nesta rodada fonte aberta robusta com nome oficial de escola.,baixa
Mac Dougall,,,,,,,,
Pedro Galbiati,Brasil; Itália,formação escultórica ítalo-brasileira; instituição não identificada na fonte aberta consultada,,https://www.catalogodasartes.com.br/artista/Pedro%20Galbiati/,https://www.catalogodasartes.com.br/artista/Pedro%20Galbiati/,,A fonte disponível é insuficiente para nomear escola específica; registro mantido cauteloso.,baixa
Juarez Silveira,São Paulo,Faculdade de Arquitetura e Urbanismo da Universidade de São Paulo (FAU-USP),,https://enciclopedia.itaucultural.org.br/pessoa24332/juarez-silveira,https://enciclopedia.itaucultural.org.br/pessoa24332/juarez-silveira,,A formação acadêmica aberta consultada é em arquitetura.,media
Jonas de Barros,São Paulo,Academia de Belas Artes; estudos com Almeida Júnior,,https://pt.wikipedia.org/wiki/Jonas_de_Barros | https://artsandculture.google.com/entity/jonas-de-barros/m07k7zzr,https://pt.wikipedia.org/wiki/Jonas_de_Barros | https://artsandculture.google.com/entity/jonas-de-barros/m07k7zzr,,A fonte aberta disponível não detalha cronologia fina.,media
Joaquim da Rocha Ferreira,São Paulo; Rio de Janeiro; Ravena,"Liceu de Artes e Ofícios; Escola Nacional de Belas Artes; curso de aperfeiçoamento em mosaico, em Ravena",sem datas exatas na fonte; curso de aperfeiçoamento posterior,https://pt.wikipedia.org/wiki/Joaquim_da_Rocha_Ferreira | https://www.catalogodasartes.com.br/artista/Joaquim%20da%20Rocha%20Ferreira/,https://pt.wikipedia.org/wiki/Joaquim_da_Rocha_Ferreira | https://www.catalogodasartes.com.br/artista/Joaquim%20da%20Rocha%20Ferreira/,https://www.catalogodasartes.com.br/artista/Joaquim%20da%20Rocha%20Ferreira/,As fontes convergem em Liceu de Artes e Ofícios e Enba; o Catálogo das Artes acrescenta curso de aperfeiçoamento em mosaico em Ravena.,alta
Eurico de Vio,Veneza,Academia de Belas Artes de Veneza,,https://pt.wikipedia.org/wiki/Enrico_Vio | https://www.oexplorador.com.br/enrico-vio-pintor-participa-de-exposicoes-em-milao-turim-e-da-grande-mostra-de-artes-de-veneza/,https://pt.wikipedia.org/wiki/Enrico_Vio | https://www.oexplorador.com.br/enrico-vio-pintor-participa-de-exposicoes-em-milao-turim-e-da-grande-mostra-de-artes-de-veneza/,,"O creator está grafado como 'Eurico de Vio', mas as fontes abertas biográficas consultadas usam 'Enrico Vio'.",media
Oswaldo Teixeira,Rio de Janeiro,Liceu de Artes e Ofícios do Rio de Janeiro; Escola Nacional de Belas Artes (Enba),,https://www.oswaldoteixeira.art.br/ | https://www.guiadasartes.com.br/oswaldo-teixeira-do-amaral/biografia,https://www.oswaldoteixeira.art.br/ | https://www.guiadasartes.com.br/oswaldo-teixeira-do-amaral/biografia,,"As fontes citam também os mestres Argemiro Cunha, Eurico Moreira Alves, Rodolfo Chambelland e Baptista da Costa.",alta
Pierre F. K.,,,,,,,,
Antonio Fernández Gómez,Brasil; Itália,formação no Brasil; lições com Karl Ernst Papf,a partir de 1894; Itália em 1901-1902,https://pt.wikipedia.org/wiki/Antonio_Fern%C3%A1ndez_G%C3%B3mez | https://palavracomum.com/antonio-fernandez-pintor-de-tres-mundos-brasil-italia-e-galiza/,https://pt.wikipedia.org/wiki/Antonio_Fern%C3%A1ndez_G%C3%B3mez,https://pt.wikipedia.org/wiki/Antonio_Fern%C3%A1ndez_G%C3%B3mez | https://palavracomum.com/antonio-fernandez-pintor-de-tres-mundos-brasil-italia-e-galiza/,As fontes não especificam instituição formal para a etapa brasileira.,media
José Simeão de Oliveira,Rio de Janeiro,Escola Militar da Praia Vermelha,ingresso em 1855,https://pt.wikipedia.org/wiki/Jos%C3%A9_Sime%C3%A3o_de_Oliveira,https://pt.wikipedia.org/wiki/Jos%C3%A9_Sime%C3%A3o_de_Oliveira,https://pt.wikipedia.org/wiki/Jos%C3%A9_Sime%C3%A3o_de_Oliveira,A fonte documenta formação militar e em ciências físicas e matemáticas.,alta
Elisa,,,,,,,,
Teodoro Braga,Recife; Rio de Janeiro; Paris,Faculdade de Direito do Recife; Escola Nacional de Belas Artes; Academia Julian,bacharel em 1893; 1900-1905 em Paris,https://pt.wikipedia.org/wiki/Teodoro_Braga | https://obrasraras.fcp.pa.gov.br/book-author/theodoro-jose-da-silva-braga-1872-1953/ | https://fcp.pa.gov.br/galeriasfcp/pagina/209,https://pt.wikipedia.org/wiki/Teodoro_Braga | https://obrasraras.fcp.pa.gov.br/book-author/theodoro-jose-da-silva-braga-1872-1953/ | https://fcp.pa.gov.br/galeriasfcp/pagina/209,https://pt.wikipedia.org/wiki/Teodoro_Braga | https://fcp.pa.gov.br/galeriasfcp/pagina/209,As fontes citam Jean-Paul Laurens e Benjamin Constant como mestres em Paris.,alta
http://www.wikidata.org/.well-known/genid/9f9d5c4140c3104439e867f33f3e7602,,,,,,,,
Quinten Metsys,Leuven; Antuérpia,formação inicial em Leuven; provável aprendizagem em oficinas da família Bouts; Guilda de São Lucas de Antuérpia,antes de 1491; mestre em Antuérpia em 1491,https://en.wikipedia.org/wiki/Quentin_Matsys | https://www.wikiart.org/en/quentin-matsys | https://thekleschcollection.com/selected-works/quinten-metsys-christ-blessing/,https://en.wikipedia.org/wiki/Quentin_Matsys | https://thekleschcollection.com/selected-works/quinten-metsys-christ-blessing/,https://en.wikipedia.org/wiki/Quentin_Matsys,A formação inicial é reconstruída por historiadores; registros de guilda em Leuven não foram preservados.,baixa
http://www.wikidata.org/.well-known/genid/3c46c3fb42b9b6cffea1bb5c4d3019b8,,,,,,,,
Adolf Methfessel,Berna; Bruxelas; Berlim; Tucumán,aprendizagem como jardineiro; primeiras aulas de desenho em Bruxelas; estudos de arquitetura de jardins em Berlim; professor de desenho no State College of Tucumán,1856; 1878-1885,https://www.askart.com/bio/Adolf_Methfessel/11054168/Adolf_Methfessel | https://www.swissinfo.ch/por/cultura/o-artista-su%C3%AD%C3%A7o-que-documentou-a-guerra-da-tr%C3%ADplice-alian%C3%A7a/87475847,https://www.askart.com/bio/Adolf_Methfessel/11054168/Adolf_Methfessel,https://www.askart.com/bio/Adolf_Methfessel/11054168/Adolf_Methfessel,A fonte aberta mais específica informa aulas de desenho em Bruxelas em 1856 e estudos de arquitetura de jardins em Berlim; registrei a aprendizagem inicial de jardineiro como etapa formativa documentada.,media
Valério Vieira,Rio de Janeiro,Academia Imperial de Belas Artes (aluno ouvinte),a partir de 1875,https://enciclopedia.itaucultural.org.br/pessoas/6241-valerio-vieira | https://pt.wikipedia.org/wiki/Val%C3%A9rio_Vieira,https://enciclopedia.itaucultural.org.br/pessoas/6241-valerio-vieira,https://enciclopedia.itaucultural.org.br/pessoas/6241-valerio-vieira,,alta
Joaquim da Rocha Fragoso,Rio de Janeiro,"Academia Imperial de Belas Artes (Aiba); estudos com Debret, Félix Taunay, Manuel de Araújo Porto-Alegre e August Müller",décadas de 1840-1850,https://enciclopedia.itaucultural.org.br/pessoas/6849-joaquim-da-rocha-fragoso | https://catalogodasartes.com.br/artista/Joaquim%20da%20Rocha%20Fragoso/,https://catalogodasartes.com.br/artista/Joaquim%20da%20Rocha%20Fragoso/ | https://enciclopedia.itaucultural.org.br/pessoas/6849-joaquim-da-rocha-fragoso,https://enciclopedia.itaucultural.org.br/pessoas/6849-joaquim-da-rocha-fragoso | https://catalogodasartes.com.br/artista/Joaquim%20da%20Rocha%20Fragoso/,,alta
Gustave James,França,formação artística francesa; instituição não identificada na fonte aberta consultada,,https://www.brasilianaiconografica.art.br/,,,Registro prudente por ausência de instituição específica em fonte aberta.,baixa
http://www.wikidata.org/.well-known/genid/1143f3ecdedcf39e7a62adc7d6dfdb16,,,,,,,,
http://www.wikidata.org/.well-known/genid/7eb934bea30a02ec833bf15a694cd7be,,,,,,,,
José de Paula Barros,Paris,aperfeiçoamento artístico em Paris (instituição não identificada na fonte),1907,https://agendamaranhao.com.br/2024/10/13/pintor-jose-de-paula-barros-paris-1907/,https://agendamaranhao.com.br/2024/10/13/pintor-jose-de-paula-barros-paris-1907/,https://agendamaranhao.com.br/2024/10/13/pintor-jose-de-paula-barros-paris-1907/,"A fonte aberta confirma estudos em Paris, mas não identifica a instituição.",media
http://www.wikidata.org/.well-known/genid/e6f7d16bca543921276874ed6ba7894f,,,,,,,,
http://www.wikidata.org/.well-known/genid/f778262ec49983ba77895d32382b9623,,,,,,,,
José Maria dos Reis Júnior,Rio de Janeiro,Escola Nacional de Belas Artes (Enba),1920-1923,https://enciclopedia.itaucultural.org.br/pessoas/7497-reis-junior,https://enciclopedia.itaucultural.org.br/pessoas/7497-reis-junior,https://enciclopedia.itaucultural.org.br/pessoas/7497-reis-junior,O verbete também informa estudos de desenho com Modesto Brocos e pintura com Rodolfo Amoedo.,alta
João Batista Bordon,Rio de Janeiro,Escola Nacional de Belas Artes (Enba),meados de 1900; prêmio de viagem em 1915,https://enciclopedia.itaucultural.org.br/pessoas/6646-joao-batista-bordon,https://enciclopedia.itaucultural.org.br/pessoas/6646-joao-batista-bordon,https://enciclopedia.itaucultural.org.br/pessoas/6646-joao-batista-bordon,A fonte indica condição de aluno livre e mestres Baptista da Costa e Zeferino da Costa.,alta
http://www.wikidata.org/.well-known/genid/7e5f0c729ad3dbf516e1c061f6860482,,,,,,,,
"Pereira, A.J.",,,,,,,,
Genesco Murta,Paris,"Académie de la Grande Chaumière; Académie Colarossi; estudos com Mauricet, Reynold, Charles Guérin e Bernard Naudin",1912-1915,https://pt.wikipedia.org/wiki/Genesco_Murta | https://www.catalogodasartes.com.br/artista/Genesco%20Murta%20-%20Genesco%20Lages%20Murta%20/,https://www.catalogodasartes.com.br/artista/Genesco%20Murta%20-%20Genesco%20Lages%20Murta%20/ | https://www.escritoriodearte.com/artista/genesco-murta,https://pt.wikipedia.org/wiki/Genesco_Murta | https://www.catalogodasartes.com.br/artista/Genesco%20Murta%20-%20Genesco%20Lages%20Murta%20/,,alta
Jordão de Oliveira,Aracaju,primeiros estudos de desenho com Quintino Marques,,https://www.guiadasartes.com.br/jordao-de-oliveira/biografia | https://ihgse.org.br/wordpress/jordao-eduardo-de-oliveira-nunes/,https://www.guiadasartes.com.br/jordao-de-oliveira/biografia | https://ihgse.org.br/wordpress/jordao-eduardo-de-oliveira-nunes/,,As fontes abertas disponíveis sustentam os estudos iniciais com Quintino Marques; não localizei nesta rodada fonte aberta robusta para a etapa posterior no Rio.,media
Cuzco school,,,,,,,,
Edgard Cognat,Rio de Janeiro,curso de Belas Artes dirigido por Carlos Chambelland,aos 17 anos; aproximadamente a partir de 1936,https://en.wikipedia.org/wiki/Edgard_Cognat | https://editoradegustar.com.br/produto/gravura-em-metal-edgard-cognat/,https://en.wikipedia.org/wiki/Edgard_Cognat | https://editoradegustar.com.br/produto/gravura-em-metal-edgard-cognat/,https://en.wikipedia.org/wiki/Edgard_Cognat | https://editoradegustar.com.br/produto/gravura-em-metal-edgard-cognat/,"Em gravura, as fontes indicam percurso autodidata; registrei apenas a formação que aparece com suporte explícito.",media
http://www.wikidata.org/.well-known/genid/132f9357e420bd0b29adf036929a5812,,,,,,,,
João Francisco Lopes Rodrigues,Salvador,Aula Pública de Desenho da Bahia; estudos com José Rodrigues Nunes; assistência a Teófilo de Jesus,,https://pt.wikipedia.org/wiki/Jo%C3%A3o_Francisco_Lopes_Rodrigues | https://enciclopedia.itaucultural.org.br/pessoas/7099-joao-francisco-lopes-rodrigues,https://pt.wikipedia.org/wiki/Jo%C3%A3o_Francisco_Lopes_Rodrigues | https://enciclopedia.itaucultural.org.br/pessoas/7099-joao-francisco-lopes-rodrigues,,"A formação aparece pela Aula Pública e por mestres, sem cronologia fechada na fonte aberta.",alta
Mme. A. Deharmel,,,,,,,,
Manoel de Oliveira Pastana,Belém,estudos com Theodoro Braga e Francisco Estrada,,https://pt.wikipedia.org/wiki/Manoel_Pastana,https://pt.wikipedia.org/wiki/Manoel_Pastana,,A fonte aberta registra formação por artistas-mestres em Belém.,media
http://www.wikidata.org/.well-known/genid/71a225033eec846bd36c5fa24e8d9d9f,,,,,,,,
Horácio Hora,Paris,Escola de Belas Artes de Paris; Escola Municipal de Desenho de Paris,c.1875-c.1881,https://pt.wikipedia.org/wiki/Hor%C3%A1cio_Hora | https://www.catalogodasartes.com.br/artista/Hor%EF%BF%BDcio%20Hora/,https://pt.wikipedia.org/wiki/Hor%C3%A1cio_Hora | https://www.catalogodasartes.com.br/artista/Hor%EF%BF%BDcio%20Hora/,https://pt.wikipedia.org/wiki/Hor%C3%A1cio_Hora | https://www.catalogodasartes.com.br/artista/Hor%EF%BF%BDcio%20Hora/,As fontes citam orientação de Justin-Marie Lequien.,alta
Louis-Auguste Moreaux,Paris,ateliê de escultura francês; instituição não identificada na fonte aberta consultada,,https://data.bnf.fr/fr/14967958/louis-auguste_moreaux/,https://data.bnf.fr/fr/14967958/louis-auguste_moreaux/,,Sem escola formal explicitada na fonte aberta recuperada.,baixa
A. Tinoco,,,,,,,,
http://www.wikidata.org/.well-known/genid/439c2e2faa05449cb393bd872bdbcd18,,,,,,,,
http://www.wikidata.org/.well-known/genid/de15d7252443dafd4baa5c45c4b6a130,,,,,,,,
Angelina Agostini,Rio de Janeiro; Londres,Escola Nacional de Belas Artes (Enba); ateliê de Henrique Bernardelli,1906-1911; a partir de 1911,https://pt.wikipedia.org/wiki/Angelina_Agostini | https://enciclopedia.itaucultural.org.br/pessoas/6491-angelina-agostini,https://pt.wikipedia.org/wiki/Angelina_Agostini | https://enciclopedia.itaucultural.org.br/pessoas/6491-angelina-agostini,https://pt.wikipedia.org/wiki/Angelina_Agostini | https://enciclopedia.itaucultural.org.br/pessoas/6491-angelina-agostini,Os estudos iniciais com o pai Angelo Agostini aparecem na fonte complementar.,alta
V. F. Leite,,,,,,,,
http://www.wikidata.org/.well-known/genid/bd3c62c30a3b4e07a459bcd53d0047d1,,,,,,,,
http://www.wikidata.org/.well-known/genid/00f84b31cb4cb67e343f08acc8a5a52a,,,,,,,,
http://www.wikidata.org/.well-known/genid/1dc096b2c4a112926d4e84b90dd4385e,,,,,,,,
http://www.wikidata.org/.well-known/genid/87536ecd3c62c7a154bec6d5b4632ff2,,,,,,,,
Cincinato Mavignier,Rio de Janeiro; Paris; Ulm,Escola Nacional de Belas Artes; Académie de la Grande Chaumière; Hochschule für Gestaltung Ulm,década de 1940; 1949-1951; 1953-1958,https://enciclopedia.itaucultural.org.br/pessoa8462/cincinato-mavignier | https://pt.wikipedia.org/wiki/Alu%C3%ADsio_Carv%C3%A3o,https://enciclopedia.itaucultural.org.br/pessoa8462/cincinato-mavignier,https://enciclopedia.itaucultural.org.br/pessoa8462/cincinato-mavignier,A etapa em Ulm é especialmente bem documentada; nomeei as instituições com forma oficial.,alta
M. Jacques,,,,,,,,
http://www.wikidata.org/.well-known/genid/e01aa25af3f30cf6f748c902e9be9c5d,,,,,,,,
http://www.wikidata.org/.well-known/genid/7290133f723050a0dd850d5625645859,,,,,,,,
http://www.wikidata.org/.well-known/genid/9226ecd00dca24a841c172d771e9dbce,,,,,,,,
http://www.wikidata.org/.well-known/genid/81e1312155e759f783098da771201d2d,,,,,,,,
Manuel Faria Guimarães,Rio de Janeiro,Liceu de Artes e Ofícios; Escola Nacional de Belas Artes,1909; 1913 em diante,https://pt.wikipedia.org/wiki/Manuel_Faria_Guimar%C3%A3es | https://www.arrematearte.com.br/artistas/manuel-faria-guimaraes-1895,https://pt.wikipedia.org/wiki/Manuel_Faria_Guimar%C3%A3es | https://www.arrematearte.com.br/artistas/manuel-faria-guimaraes-1895,https://pt.wikipedia.org/wiki/Manuel_Faria_Guimar%C3%A3es | https://www.arrematearte.com.br/artistas/manuel-faria-guimaraes-1895,"A fonte também nomeia Eurico Alves, João Batista da Costa, Lucílio de Albuquerque e Rodolfo Chambelland como mestres.",alta
Ernst Nowak,Viena,Akademie der bildenden Künste Wien,1871-1881,https://www.biographien.ac.at/oebl/oebl_N/Novak_Ernst_1851_1919.xml,https://www.biographien.ac.at/oebl/oebl_N/Novak_Ernst_1851_1919.xml,https://www.biographien.ac.at/oebl/oebl_N/Novak_Ernst_1851_1919.xml,"A fonte aberta também informa os professores K. Mayer, Wurzinger e Eisenmenger.",alta
http://www.wikidata.org/.well-known/genid/89b6268c2e3f1f57ec1bd5b973f32037,,,,,,,,
E. Ribeiro,,,,,,,,
Maria Emília Campos,Belo Horizonte,Escola Guignard,,https://acervoghm.blogspot.com/2015/03/maria-emilia-campos-1980.html,https://acervoghm.blogspot.com/2015/03/maria-emilia-campos-1980.html,,,alta
F. Prata,,,,,,,,
Maria Salomé,Brasil,formação artística brasileira; instituição não identificada na fonte aberta consultada,,https://www.catalogodasartes.com.br/,,,Nome amplo e fontes abertas insuficientes nesta rodada.,baixa
L. Masson,,,,,,,,
http://www.wikidata.org/.well-known/genid/b1b795c3f61a4b21ecf25a9fc7c32812,,,,,,,,
João Timóteo da Costa,Rio de Janeiro,Escola Nacional de Belas Artes (Enba),por volta de 1894 em diante,https://pt.wikipedia.org/wiki/Jo%C3%A3o_Tim%C3%B3teo_da_Costa | https://enciclopedia.itaucultural.org.br/pessoas/7117-joao-timotheo-da-costa,https://pt.wikipedia.org/wiki/Jo%C3%A3o_Tim%C3%B3teo_da_Costa | https://enciclopedia.itaucultural.org.br/pessoas/7117-joao-timotheo-da-costa,https://pt.wikipedia.org/wiki/Jo%C3%A3o_Tim%C3%B3teo_da_Costa,"A fonte cita estudos com Daniel Bérard, Zeferino da Costa e Rodolfo Amoedo.",alta
http://www.wikidata.org/.well-known/genid/d8917ce539c901e6920ded5e0cde520d,,,,,,,,
http://www.wikidata.org/.well-known/genid/3eae255f370e61b2f81d43e4e8960793,,,,,,,,
Helios Seelinger,Rio de Janeiro; Munique; Paris,Escola Nacional de Belas Artes (Enba); ateliê dos irmãos Bernardelli; Academia Azbe; Academia de Munique; estudos com Jean-Paul Laurens,1891-1896; 1897-1900; depois de 1903 em Paris e Munique,https://pt.wikipedia.org/wiki/Helios_Seelinger | https://www.guiadasartes.com.br/helios-seelinger/quem-foi,https://pt.wikipedia.org/wiki/Helios_Seelinger | https://www.ufrgs.br/acervopbsa/autor_/seelinger-helios/,https://pt.wikipedia.org/wiki/Helios_Seelinger | https://www.guiadasartes.com.br/helios-seelinger/quem-foi,,alta
http://www.wikidata.org/.well-known/genid/00df4ef09b40cf44eb6882aa62198319,,,,,,,,
Francisco de Sousa Lobo,Rio de Janeiro,Academia Imperial de Belas Artes (Aiba); aluno de Debret,c.1824,https://pt.wikipedia.org/wiki/Francisco_de_Sousa_Lobo | https://www.catalogodasartes.com.br/artista/Francisco%20de%20Sousa%20Lobo/,https://pt.wikipedia.org/wiki/Francisco_de_Sousa_Lobo | https://www.catalogodasartes.com.br/artista/Francisco%20de%20Sousa%20Lobo/,https://www.catalogodasartes.com.br/artista/Francisco%20de%20Sousa%20Lobo/,,alta
Miguel Navarro Cañizares,Valência; Madri,Escola de Belas Artes de São Carlos de Valência; Escola de São Fernando; ateliê de Federico de Madrazo y Kuntz,,https://pt.wikipedia.org/wiki/Miguel_Navarro_Ca%C3%B1izares,https://pt.wikipedia.org/wiki/Miguel_Navarro_Ca%C3%B1izares,,,alta
Ferdinand Krumholz,Viena,Akademie der bildenden Künste Wien,,https://www.biographien.ac.at/oebl/oebl_K/Krumholz_Ferdinand_1844_1890.xml,https://www.biographien.ac.at/oebl/oebl_K/Krumholz_Ferdinand_1844_1890.xml,,Cronologia não localizada nesta rodada.,media
http://www.wikidata.org/.well-known/genid/930724ce804f0af8d272d72654be2e40,,,,,,,,
Pedro Bruno,Nápoles; Roma; Rio de Janeiro,"Conservatório de Nápoles; Conservatório de Roma; Academia Inglesa (curso de pintura, em Roma); Escola Nacional de Belas Artes",1905 em diante; 1918; 1918-1922,https://pt.wikipedia.org/wiki/Pedro_Bruno | https://pintorpedrobruno.com.br/biografia-pedro-bruno/,https://pt.wikipedia.org/wiki/Pedro_Bruno | https://pintorpedrobruno.com.br/biografia-pedro-bruno/,https://pt.wikipedia.org/wiki/Pedro_Bruno | https://pintorpedrobruno.com.br/biografia-pedro-bruno/,A trajetória combina formação musical e posterior aperfeiçoamento em pintura.,media
http://www.wikidata.org/.well-known/genid/cc59c9d07de160742f0810a3473d9575,,,,,,,,
http://www.wikidata.org/.well-known/genid/1152b44912b40621bc260b8ae1b1518f,,,,,,,,
Eduardo de Sá,Rio de Janeiro; Paris; Florença,Academia Imperial de Belas Artes; Académie Julian; aulas particulares de escultura com Rodolfo Bernardelli,matrícula em 1883; sem datas exatas para Paris e Florença na fonte,https://pt.wikipedia.org/wiki/Eduardo_de_S%C3%A1 | https://www.catalogodasartes.com.br/artista/Eduardo%20de%20S%EF%BF%BD/,https://pt.wikipedia.org/wiki/Eduardo_de_S%C3%A1 | https://www.catalogodasartes.com.br/artista/Eduardo%20de%20S%EF%BF%BD/,https://pt.wikipedia.org/wiki/Eduardo_de_S%C3%A1 | https://www.catalogodasartes.com.br/artista/Eduardo%20de%20S%EF%BF%BD/,As fontes também citam formação inicial particular com Vítor Meireles.,alta
Carlos Balliester,Rio de Janeiro,estudos com Auguste Petit,,https://pt.wikipedia.org/wiki/Carlos_Balliester | https://www.netsaber.com.br/biografias/biografia-3563/biografia-de-carlos-balliester,https://pt.wikipedia.org/wiki/Carlos_Balliester | https://www.netsaber.com.br/biografias/biografia-3563/biografia-de-carlos-balliester,,A formação aberta recuperável é o estudo com Auguste Petit.,media
Roberto Castellanos,"Florença, Itália",Academia de Bellas Artes de Florencia,1891,https://es.wikipedia.org/wiki/Roberto_Castellanos,https://es.wikipedia.org/wiki/Roberto_Castellanos,https://es.wikipedia.org/wiki/Roberto_Castellanos,estuda pintura em Florença com bolsa de estudos,media
Euclides Fonseca,Recife,estudos de composição com Inocêncio Smolz,,https://pt.wikipedia.org/wiki/Euclides_Fonseca | https://musicabrasilis.org.br/pt-br/compositores/euclides-fonseca/,https://pt.wikipedia.org/wiki/Euclides_Fonseca | https://musicabrasilis.org.br/pt-br/compositores/euclides-fonseca/,,"A formação aberta recuperável aparece por mestre, não por escola formal específica.",media
Francisco Terêncio Vieira de Campos,Rio de Janeiro,Escola Nacional de Belas Artes (Enba),,https://enciclopedia.itaucultural.org.br/,https://enciclopedia.itaucultural.org.br/,,"Registro conservador, sem datas precisas localizadas nesta rodada.",baixa
http://www.wikidata.org/.well-known/genid/a2e5c4aa002b17dfd0c943a773143572,,,,,,,,
http://www.wikidata.org/.well-known/genid/fb4da3268520a76b550745bfa63f119a,,,,,,,,
Eugênio Teixeira,Brasil,formação artística brasileira; instituição não identificada na fonte aberta consultada,,https://enciclopedia.itaucultural.org.br/,,,Não localizei nesta rodada uma fonte aberta suficiente para nomear escola específica; registro conservador.,baixa
Alexandre Mário Parko,São Paulo,formação acadêmica em São Paulo; instituição não identificada na fonte aberta consultada,,https://www.catalogodasartes.com.br/,,,Dados insuficientes para nomear escola oficial; mantido em formulação prudente.,baixa
http://www.wikidata.org/.well-known/genid/549a60c6d43e65a3639370bf40cf4c93,,,,,,,,
F. Viriato,,,,,,,,
http://www.wikidata.org/.well-known/genid/93dec575ce197eccc30616d24eb804ef,,,,,,,,
F. Falcão,,,,,,,,
Corinto Brissac de Lucena,Rio de Janeiro,Escola Nacional de Belas Artes,,https://www.culturaniteroi.com.br/blog/cultura-atividades-culturais-163 | https://pt.wikipedia.org/wiki/Corinto_Brissac_de_Lucena,https://www.culturaniteroi.com.br/blog/cultura-atividades-culturais-163 | https://pt.wikipedia.org/wiki/Corinto_Brissac_de_Lucena,,A formação aparece após a reforma do Exército; a fonte aberta não traz ano de ingresso com precisão.,media
Alberto Silva,Porto,Escola Industrial Infante D. Henrique; Escola de Belas Artes do Porto,1900-1909,https://sigarra.up.pt/up/pt/p/antigos%20estudantes%20ilustres%20-%20alberto%20silva | https://serralvesantiguidades.com/lote/alberto-silva-1882-1940,https://sigarra.up.pt/up/pt/p/antigos%20estudantes%20ilustres%20-%20alberto%20silva | https://serralvesantiguidades.com/lote/alberto-silva-1882-1940,https://sigarra.up.pt/up/pt/p/antigos%20estudantes%20ilustres%20-%20alberto%20silva,Mantida identificação cautelosa por se tratar de nome relativamente comum.,media
http://www.wikidata.org/.well-known/genid/dcec5f2944695e2c81cf06076bc69755,,,,,,,,
Manuel Lopes Rodrigues,Salvador; Rio de Janeiro,Liceu de Artes e Ofícios da Bahia; Academia de Belas Artes da Bahia; pedido de ingresso na Academia Imperial de Belas Artes,até 1882; mudança para o Rio em 1882,https://pt.wikipedia.org/wiki/Manuel_Lopes_Rodrigues | https://www.catalogodasartes.com.br/artista/Manuel%20Lopes%20Rodrigues/,https://pt.wikipedia.org/wiki/Manuel_Lopes_Rodrigues | https://www.catalogodasartes.com.br/artista/Manuel%20Lopes%20Rodrigues/,https://pt.wikipedia.org/wiki/Manuel_Lopes_Rodrigues | https://www.catalogodasartes.com.br/artista/Manuel%20Lopes%20Rodrigues/,As fontes indicam primeiras lições com o pai João Francisco Lopes Rodrigues e com Miguel Navarro Cañizares.,alta
Virgílio Lopes Rodrigues,Pernambuco; Rio de Janeiro,"colônia agrícola Frei Caneca, dirigida por religiosos; tentativa de matrícula no Colégio Militar",antes dos 20 anos; sem datas exatas,https://www.guiadasartes.com.br/virgilio-lopes-rodrigues/resumo | https://www.saladearte.com.br/virgilio-lopes-rodrigues,https://www.guiadasartes.com.br/virgilio-lopes-rodrigues/resumo,,O dado recuperado refere-se à educação geral/documentada; as fontes consultadas não sustentam formação artística formal posterior.,baixa
E. Muller,,,,,,,,
Francisco de Sá,Diamantina; Rio de Janeiro; Ouro Preto,Seminário Episcopal de Diamantina; Escola Politécnica do Rio de Janeiro; Escola de Minas de Ouro Preto,até 1880; 1880-1881; conclusão em 1884,https://mapa.an.gov.br/index.php/mapa/centrais-de-conteudo/producao/biografias/901-francisco-sa | https://pt.wikipedia.org/wiki/Francisco_S%C3%A1,https://mapa.an.gov.br/index.php/mapa/centrais-de-conteudo/producao/biografias/901-francisco-sa | https://pt.wikipedia.org/wiki/Francisco_S%C3%A1,https://mapa.an.gov.br/index.php/mapa/centrais-de-conteudo/producao/biografias/901-francisco-sa | https://pt.wikipedia.org/wiki/Francisco_S%C3%A1,"Creator tratado como o político/engenheiro Francisco Sá, conforme a forma do nome na base.",alta
http://www.wikidata.org/.well-known/genid/67409caba7f826e563b359d3ab23c102,,,,,,,,
http://www.wikidata.org/.well-known/genid/63165cc7aaa66729f4af18289212e843,,,,,,,,
http://www.wikidata.org/.well-known/genid/ada50178ab5c6c83a8593e6b368cbd4e,,,,,,,,
http://www.wikidata.org/.well-known/genid/50750a33837fcf9456d105baa81e92f0,,,,,,,,
S. Rosenthal,,,,,,,,
http://www.wikidata.org/.well-known/genid/fec1913be5ecf9604c720a0148674398,,,,,,,,
http://www.wikidata.org/.well-known/genid/63734cd64c2616a9039f2335c4615737,,,,,,,,
http://www.wikidata.org/.well-known/genid/b884cb8c0b8da3f7111c06e9e999e6f1,,,,,,,,
http://www.wikidata.org/.well-known/genid/a0ec8e8f494622dfca974b649ab29b4c,,,,,,,,
Ulrich Steffen,Alemanha,formação técnica e artística alemã; instituição não identificada na fonte aberta consultada,,https://www.wikidata.org/wiki/Q24989942,https://www.wikidata.org/wiki/Q24989942,,Sem documentação aberta suficiente para detalhar instituição e datas nesta rodada.,baixa
Carlos Chambelland,"Rio de Janeiro, RJ; Paris, França",Escola Nacional de Belas Artes; Liceu de Artes e Ofícios do Rio de Janeiro,1901–1907,https://www.guiadasartes.com.br/carlos-chambelland/biografia ; https://pt.wikipedia.org/wiki/Carlos_Chambelland,https://www.guiadasartes.com.br/carlos-chambelland/biografia ; https://pt.wikipedia.org/wiki/Carlos_Chambelland,https://www.guiadasartes.com.br/carlos-chambelland/biografia,em Paris frequentou o ateliê de Puvis de Chavannes; a fonte não traz escola formal para esse período,media
http://www.wikidata.org/.well-known/genid/c129a6fc214e9e6808db7fc66f5f362a,,,,,,,,
http://www.wikidata.org/.well-known/genid/9e4f03bdea7430c89a24474a87bc1334,,,,,,,,
http://www.wikidata.org/.well-known/genid/b9188e0a09580a5719f73f650c031e4d,,,,,,,,
Cimbelino Ramos de Freitas,São Paulo,Escola Normal de São Paulo; aluno de Pietro Strina,1903,https://enciclopedia.itaucultural.org.br/pessoas/6698-cimbelino-de-freitas | https://www.academia.edu/64104524/O_Desenho_na_forma%C3%A7%C3%A3o_de_professores,https://enciclopedia.itaucultural.org.br/pessoas/6698-cimbelino-de-freitas | https://www.academia.edu/64104524/O_Desenho_na_forma%C3%A7%C3%A3o_de_professores,https://enciclopedia.itaucultural.org.br/pessoas/6698-cimbelino-de-freitas,A formação recuperada combina escola normal e aprendizado com Pietro Strina.,media
http://www.wikidata.org/.well-known/genid/219ebdd9fcd12d181380fee449320741,,,,,,,,
http://www.wikidata.org/.well-known/genid/02e5d1a8d9679f43f4ff92735a2395c2,,,,,,,,
J. M. D'Avila,,,,,,,,
http://www.wikidata.org/.well-known/genid/6d1e8396fcf6ee058f830980ae1054c7,,,,,,,,
http://www.wikidata.org/.well-known/genid/b085adc1dd7c79bdcb79b6ce6eedad30,,,,,,,,
Prisciliano Silva,Salvador; Paris,Escola de Belas Artes da Bahia; Liceu de Artes e Ofícios; Académie Julian,matrícula em 1896; temporada em Paris de 1905 a 1908,https://pt.wikipedia.org/wiki/Prisciliano_Silva | https://www.escritoriodearte.com/artista/presciliano-silva,https://pt.wikipedia.org/wiki/Prisciliano_Silva | https://www.escritoriodearte.com/artista/presciliano-silva,https://pt.wikipedia.org/wiki/Prisciliano_Silva | https://www.escritoriodearte.com/artista/presciliano-silva,As fontes também citam aulas particulares com Manoel Lopes Rodrigues.,alta
http://www.wikidata.org/.well-known/genid/6f2250317461f59ef4ffcf324b60d332,,,,,,,,
Gerson Pompeu,Rio de Janeiro; Paris,Escola Nacional de Belas Artes (Enba); Curso Especial de Arquitetura; Académie Julian,a partir de 1924; 1951,https://pt.wikipedia.org/wiki/Gerson_Pompeu | https://www.dezenovevinte.net/bios/bio_gpp.htm,https://pt.wikipedia.org/wiki/Gerson_Pompeu | https://www.dezenovevinte.net/bios/bio_gpp.htm,https://pt.wikipedia.org/wiki/Gerson_Pompeu | https://www.dezenovevinte.net/bios/bio_gpp.htm,,alta
http://www.wikidata.org/.well-known/genid/ae32ff0b16501b7e7cade0c985bf02bd,,,,,,,,
Manuel Poluceno Pereira da Silva,Rio de Janeiro,Academia Imperial de Belas Artes,,https://repositorio.ufsc.br/handle/123456789/179976 | https://repositorioslatinoamericanos.uchile.cl/handle/2250/1783781,https://repositorio.ufsc.br/handle/123456789/179976 | https://repositorioslatinoamericanos.uchile.cl/handle/2250/1783781,,"As fontes abertas identificam que estudou na Academia Imperial de Belas-Artes, especializando-se em retrato e pintura de história, mas não trazem cronologia detalhada.",media
Joaquín Agrasot y Juan,Orihuela; Valência; Roma,Real Academia de Bellas Artes de San Carlos de Valencia,1856 em diante; bolsa para Roma a partir de 1861,https://en.wikipedia.org/wiki/Joaqu%C3%ADn_Agrasot | https://www.museodelprado.es/coleccion/artista/agrasot-y-juan-joaquin/0f951cb3-68a8-4c8e-848f-6ace0a6a548f,https://en.wikipedia.org/wiki/Joaqu%C3%ADn_Agrasot | https://www.museodelprado.es/coleccion/artista/agrasot-y-juan-joaquin/0f951cb3-68a8-4c8e-848f-6ace0a6a548f,https://en.wikipedia.org/wiki/Joaqu%C3%ADn_Agrasot | https://www.museodelprado.es/coleccion/artista/agrasot-y-juan-joaquin/0f951cb3-68a8-4c8e-848f-6ace0a6a548f,As fontes mencionam estudo com Francisco Martínez Yago.,alta
Lluís Graner,Barcelona; Madri; Paris,Escola de la Llotja; estudo de cópia no Museo del Prado; Académie des Beaux-Arts,1883 em diante; 1886-1891 em Paris,https://en.wikipedia.org/wiki/Llu%C3%ADs_Graner | https://www.guiadasartes.com.br/luiz-graner-y-arrufi/biografia | https://www.escritoriodearte.com/artista/luis-graner,https://en.wikipedia.org/wiki/Llu%C3%ADs_Graner | https://www.guiadasartes.com.br/luiz-graner-y-arrufi/biografia | https://www.escritoriodearte.com/artista/luis-graner,https://en.wikipedia.org/wiki/Llu%C3%ADs_Graner | https://www.escritoriodearte.com/artista/luis-graner,,alta
http://www.wikidata.org/.well-known/genid/00b154d8a1c84daa23b4345408faa63b,,,,,,,,
http://www.wikidata.org/.well-known/genid/200ad547b84ddc87e876b09aad4271f2,,,,,,,,
Cadmo Fausto de Sousa,Rio de Janeiro; Paris,Escola Nacional de Belas Artes (Enba); Académie de la Grande Chaumière,antes de 1931; 1931 em diante,https://pt.wikipedia.org/wiki/Cadmo_Fausto_de_Sousa | https://www.diniznumismatica.com/2021/02/cadmo-fausto-o-artista-dos-cruzeiros-1.html,https://pt.wikipedia.org/wiki/Cadmo_Fausto_de_Sousa | https://www.diniznumismatica.com/2021/02/cadmo-fausto-o-artista-dos-cruzeiros-1.html,https://pt.wikipedia.org/wiki/Cadmo_Fausto_de_Sousa | https://www.diniznumismatica.com/2021/02/cadmo-fausto-o-artista-dos-cruzeiros-1.html,,alta
http://www.wikidata.org/.well-known/genid/b4efd5faa97ff8a1abac7f1f9f271ed1,,,,,,,,
http://www.wikidata.org/.well-known/genid/b517944dc0f05bc573c2732648970149,,,,,,,,
http://www.wikidata.org/.well-known/genid/d20fe0a75544284083cbd3aab690d068,,,,,,,,
http://www.wikidata.org/.well-known/genid/8bdb25922c11fa4c03276d21fb920051,,,,,,,,
Antônio José dos Santos,Olinda,formação inicial como auxiliar do pintor Roberto Lúcio,,https://www.catalogodasartes.com.br/artista/Antonio%20de%20Olinda%20-%20Ant%EF%BF%BDnio%20de%20Olinda%20-%20Ant%EF%BF%BDnio%20Jos%EF%BF%BD%20dos%20Santos/,https://www.catalogodasartes.com.br/artista/Antonio%20de%20Olinda%20-%20Ant%EF%BF%BDnio%20de%20Olinda%20-%20Ant%EF%BF%BDnio%20Jos%EF%BF%BD%20dos%20Santos/,,A identificação do creator foi associada ao artista 'Antônio de Olinda / Antônio José dos Santos' conforme a fonte disponível.,media
Maranhense Mello,,,,,,,,
Rodolfo Chambelland,Rio de Janeiro; Paris,Liceu de Artes e Ofícios; Escola Nacional de Belas Artes; Academia Julian,1901 em diante; 1906 em diante,https://pt.wikipedia.org/wiki/Rodolfo_Chambelland,https://pt.wikipedia.org/wiki/Rodolfo_Chambelland,https://pt.wikipedia.org/wiki/Rodolfo_Chambelland,,alta
Angelo Agostini,"Paris, França",Escola de Belas Artes,c. década de 1850,https://nanquim.com.br/angelo-agostini-1843-1910/; https://nacao.net/2006/01/30/angelo-agostini-1843-1910/,https://nanquim.com.br/angelo-agostini-1843-1910/; https://nacao.net/2006/01/30/angelo-agostini-1843-1910/,https://nanquim.com.br/angelo-agostini-1843-1910/,Preenchimento baseado em biografias de referência sobre o caricaturista; falta confirmação institucional mais específica.,baixa
Antônio Frederico de Castro Alves,São Félix; Salvador; Recife,ensino primário em São Félix; colégio de Abílio César Borges; curso preparatório anexo à Faculdade de Direito do Recife,1853 em diante; 1862,https://pt.wikipedia.org/wiki/Castro_Alves | https://www.academia.org.br/academicos/castro-alves/biografia,https://pt.wikipedia.org/wiki/Castro_Alves | https://www.academia.org.br/academicos/castro-alves/biografia,https://pt.wikipedia.org/wiki/Castro_Alves | https://www.academia.org.br/academicos/castro-alves/biografia,"Creator tratado como Castro Alves; a formação recuperada é escolar/literária, não de artes visuais.",alta
Luigi Stalloni,Nápoles,Academia de Belas Artes de Nápoles,,https://pt.wikipedia.org/wiki/Luigi_Stallone,https://pt.wikipedia.org/wiki/Luigi_Stallone,,"O creator está grafado como 'Stalloni', mas a fonte biográfica aberta consultada usa 'Luigi Stallone'.",media
Levino Fânzeres,Rio de Janeiro; Paris,Liceu de Artes e Ofícios; Escola Nacional de Belas Artes (Enba),1902; 1910 em diante,https://pt.wikipedia.org/wiki/Levino_F%C3%A2nzeres | https://www.arrematearte.com.br/artistas/levino-fanzeres-1884,https://pt.wikipedia.org/wiki/Levino_F%C3%A2nzeres | https://www.arrematearte.com.br/artistas/levino-fanzeres-1884,https://pt.wikipedia.org/wiki/Levino_F%C3%A2nzeres | https://www.arrematearte.com.br/artistas/levino-fanzeres-1884,"A fonte menciona professores Artur Machado, Evêncio Nunes, João Zeferino da Costa e Baptista da Costa.",alta
http://www.wikidata.org/.well-known/genid/8aa981d4f7a2d2846ce6fa8b0af86b96,,,,,,,,
http://www.wikidata.org/.well-known/genid/db9170189e5f33d50f1e162fb7f2bc91,,,,,,,,
http://www.wikidata.org/.well-known/genid/7fe8bc704e43bc5628cd40dd3ae9c10f,,,,,,,,
http://www.wikidata.org/.well-known/genid/76654f2ec85c13aa13e216d6f0b63de1,,,,,,,,
Armando Viana,Rio de Janeiro,Liceu de Artes e Ofícios; Escola Nacional de Belas Artes,a partir de 1919,https://pt.wikipedia.org/wiki/Armando_Viana | https://www.catalogodasartes.com.br/artista/Armando%20Vianna/,https://pt.wikipedia.org/wiki/Armando_Viana | https://www.catalogodasartes.com.br/artista/Armando%20Vianna/,https://pt.wikipedia.org/wiki/Armando_Viana | https://www.catalogodasartes.com.br/artista/Armando%20Vianna/,As fontes também citam Rodolfo Amoedo e Rodolfo Chambelland como mestres.,alta
Manuel Teixeira da Rocha,Rio de Janeiro,Liceu Imperial de Artes e Ofícios; Academia Imperial de Belas Artes,c.1878; c.1881,https://www.arrematearte.com.br/artistas/teixeira-da-rocha-1863 | https://enciclopedia.itaucultural.org.br/pessoas/7402-teixeira-da-rocha,https://www.arrematearte.com.br/artistas/teixeira-da-rocha-1863 | https://enciclopedia.itaucultural.org.br/pessoas/7402-teixeira-da-rocha,https://www.arrematearte.com.br/artistas/teixeira-da-rocha-1863 | https://enciclopedia.itaucultural.org.br/pessoas/7402-teixeira-da-rocha,,alta
http://www.wikidata.org/.well-known/genid/18544c71d53bed9812fc917980ea9da2,,,,,,,,
http://www.wikidata.org/.well-known/genid/da6a9b37ec45d2cf2c3d55ef7ebffc2a,,,,,,,,
http://www.wikidata.org/.well-known/genid/d7d0db0cab8b0f52caa3f33eb33c343a,,,,,,,,
Jean-Baptiste Courtois,Paris,École des Beaux-Arts de Paris,,https://data.bnf.fr/fr/14916564/jean-baptiste_courtois/,https://data.bnf.fr/fr/14916564/jean-baptiste_courtois/,,A fonte aberta biográfica é sucinta; cronologia não identificada.,media
http://www.wikidata.org/.well-known/genid/7e07bb75b2b6687666df09f250d52b5e,,,,,,,,
Rodolfo Bernardelli,Rio de Janeiro; Roma,Academia Imperial de Belas Artes; estudos com Giulio Monteverde e Achilles Monteverde,antes de 1876; desde 1876 na Itália,https://pt.wikipedia.org/wiki/Rodolfo_Bernardelli,https://pt.wikipedia.org/wiki/Rodolfo_Bernardelli,https://pt.wikipedia.org/wiki/Rodolfo_Bernardelli,A fonte também indica aulas informais com Francisco Manuel Chaves Pinheiro.,alta
Luís Maristany de Trias,Barcelona; França; Madrid; Paris,Escola de Belas Artes de Barcelona; estudos com Pedro Borel,a partir dos 14 anos; prêmio aos 17 anos,https://pt.wikipedia.org/wiki/Lu%C3%ADs_Maristany_de_Trias | https://www.ateliermaristany.com/biografia-de-luiz-maristany-de-trias,https://pt.wikipedia.org/wiki/Lu%C3%ADs_Maristany_de_Trias | https://www.ateliermaristany.com/biografia-de-luiz-maristany-de-trias,https://pt.wikipedia.org/wiki/Lu%C3%ADs_Maristany_de_Trias | https://www.ateliermaristany.com/biografia-de-luiz-maristany-de-trias,As fontes abertas também mencionam estudos em Madrid e Paris após a formação inicial em Barcelona.,alta
A. Correa Costa,,,,,,,,
Eulália Nascimento Silva,Brasil,formação artística brasileira; instituição não identificada na fonte aberta consultada,,https://www.catalogodasartes.com.br/,,,Não localizei fonte aberta bastante robusta para nomear escola oficial nesta rodada.,baixa
http://www.wikidata.org/.well-known/genid/8d31c1a99db394638578f6a9f683e0e2,,,,,,,,
http://www.wikidata.org/.well-known/genid/9540b48c87698a09de951ca06b9769d2,,,,,,,,
Vienot et Morissete,,,,,,,,
Alonso Pérez,Espanha,"formação acadêmica provável, sem instituição identificada nas fontes",antes de 1901,https://en.wikipedia.org/wiki/Alonso_P%C3%A9rez | https://prabook.com/web/alonso.perez/2572493,https://en.wikipedia.org/wiki/Alonso_P%C3%A9rez | https://prabook.com/web/alonso.perez/2572493,,As fontes abertas apenas indicam que é 'believed that he received some academic training'; mantida formulação extremamente conservadora.,baixa
Mary de Souza,Brasil,formação artística brasileira; instituição não identificada na fonte aberta consultada,,https://www.catalogodasartes.com.br/,,,Registro mantido prudente por insuficiência de fonte aberta detalhada.,baixa
Couto Filho,Rio de Janeiro,Escola Nacional de Belas Artes (Enba),,https://enciclopedia.itaucultural.org.br/,https://enciclopedia.itaucultural.org.br/,,Registro conservador baseado em fonte aberta secundária; faltam datas precisas.,baixa
http://www.wikidata.org/.well-known/genid/8d59402526dd044df988a666313e7451,,,,,,,,
http://www.wikidata.org/.well-known/genid/484257753df3d2355c37c8dc0223449d,,,,,,,,
http://www.wikidata.org/.well-known/genid/c63805eca5df1841d1eadc7644de75e5,,,,,,,,
http://www.wikidata.org/.well-known/genid/586699156096048a49e5202935874cb7,,,,,,,,
http://www.wikidata.org/.well-known/genid/1f82088f6e1661304df8fac1d28f0ad1,,,,,,,,
http://www.wikidata.org/.well-known/genid/04c0a50057ae72a6b642f24b4e7e513a,,,,,,,,
Vilma Teresa Rodrigues de Carvalho,Brasil,formação artística brasileira; instituição não identificada na fonte aberta consultada,,https://www.catalogodasartes.com.br/,,,Não localizei escola formal aberta confiável nesta rodada.,baixa
E. Presty,,,,,,,,
Regina Veiga,Rio de Janeiro; Paris; Munique,estudos com Rodolfo Amoedo; Academia Julian; formação com o pintor Heilmann,antes de 1916; sem cronologia fina completa nas fontes,https://pt.wikipedia.org/wiki/Regina_Veiga | https://aterraeredonda.com.br/regina-veiga/,https://pt.wikipedia.org/wiki/Regina_Veiga | https://aterraeredonda.com.br/regina-veiga/,https://pt.wikipedia.org/wiki/Regina_Veiga,Mantive a cronologia de forma conservadora porque a fonte não detalha todos os anos de estudo na Europa.,media
Luís Teixeira,Brasil,formação artística brasileira; instituição não identificada na fonte aberta consultada,,https://enciclopedia.itaucultural.org.br/,,,Nome muito amplo; mantido registro conservador sem suposição de escola.,baixa
http://www.wikidata.org/.well-known/genid/3f399f0b299416e54ad3dd81eebcb693,,,,,,,,
http://www.wikidata.org/.well-known/genid/85920b0282d0dc3274cc98b87c62c7ce,,,,,,,,
Costa Miranda,Rio de Janeiro,Academia Imperial de Belas Artes (Aiba); aluno de Debret e Grandjean de Montigny,,https://pt.wikipedia.org/wiki/Costa_Miranda | https://www.escritoriodearte.com/artista/costa-miranda,https://pt.wikipedia.org/wiki/Costa_Miranda | https://www.escritoriodearte.com/artista/costa-miranda,,,alta
B. Constante Neto,,,,,,,,
José Leandro de Carvalho,Rio de Janeiro,estudos com Leandro Joaquim e Raimundo da Costa e Silva,,https://enciclopedia.itaucultural.org.br/pessoas/7180-jose-leandro-de-carvalho | https://www.escritoriodearte.com/artista/jose-leandro-de-carvalho,https://enciclopedia.itaucultural.org.br/pessoas/7180-jose-leandro-de-carvalho | https://www.escritoriodearte.com/artista/jose-leandro-de-carvalho,,"A formação recuperada é por mestres, não por academia formal.",alta
Nicolas-Louis-Albert Delerive,Lille; Artois; Paris,formação com Heinsius; estudos com o conde de Neuville; escola de Francesco Casanova; Academia de Lille,1776-1778; depois de 1778 em Paris,https://eviterbo.fcsh.unl.pt/wiki/Nicolas_Delerive | https://lusojornal.com/nicolas-delerive-pintor-da-familia-real-portuguesa-ignorado-em-franca/,https://eviterbo.fcsh.unl.pt/wiki/Nicolas_Delerive | https://lusojornal.com/nicolas-delerive-pintor-da-familia-real-portuguesa-ignorado-em-franca/,https://eviterbo.fcsh.unl.pt/wiki/Nicolas_Delerive | https://lusojornal.com/nicolas-delerive-pintor-da-familia-real-portuguesa-ignorado-em-franca/,,media
Vicente Mallio,,,,,,,,
José Barreto de Menezes,Brasil,formação artística brasileira; instituição não identificada na fonte aberta consultada,,https://www.catalogodasartes.com.br/,,,Sem base aberta robusta para nomear instituição com segurança.,baixa
http://www.wikidata.org/.well-known/genid/a491576a60900e40063ce4e608bdf76c,,,,,,,,
G. Rovello,,,,,,,,
Jules Le Chevrel,Paris,École des Beaux-Arts de Paris,,https://pt.wikipedia.org/wiki/Jules_Le_Chevrel,https://pt.wikipedia.org/wiki/Jules_Le_Chevrel,,"A fonte aberta consultada identifica a escola, mas não detalha cronologia fina.",alta
Delfim da Câmara,Rio de Janeiro,"Academia Imperial de Belas Artes (Aiba); estudos com Manuel Joaquim de Melo Corte Real, Costa Miranda e José Correia de Lima",1848-1854,https://enciclopedia.itaucultural.org.br/pessoas/6719-delfim-da-camara | https://pt.wikipedia.org/wiki/Delfim_da_C%C3%A2mara,https://enciclopedia.itaucultural.org.br/pessoas/6719-delfim-da-camara | https://pt.wikipedia.org/wiki/Delfim_da_C%C3%A2mara,https://enciclopedia.itaucultural.org.br/pessoas/6719-delfim-da-camara | https://pt.wikipedia.org/wiki/Delfim_da_C%C3%A2mara,,alta
http://www.wikidata.org/.well-known/genid/af83d1f2fe60d047ebb5de9946ceeabb,,,,,,,,
http://www.wikidata.org/.well-known/genid/26651fd9550d9a1db4987de62e2d81c4,,,,,,,,
http://www.wikidata.org/.well-known/genid/47a1f595f984b95e7d4c3434ff8ef174,,,,,,,,
José Pinelo Llull,Sevilha; Roma,Escuela de Bellas Artes de Sevilla; estudos com Eduardo Cano; estudos com Villegas em Roma,até 1879; depois de 1879,https://es.wikipedia.org/wiki/Jos%C3%A9_Pinelo_Llull | https://es.hispanopedia.com/wiki/Jos%C3%A9_Pinelo_Llull,https://es.wikipedia.org/wiki/Jos%C3%A9_Pinelo_Llull | https://es.hispanopedia.com/wiki/Jos%C3%A9_Pinelo_Llull,https://es.wikipedia.org/wiki/Jos%C3%A9_Pinelo_Llull | https://es.hispanopedia.com/wiki/Jos%C3%A9_Pinelo_Llull,,alta
http://www.wikidata.org/.well-known/genid/063013a548b473fe581a92dd7cc55dbb,,,,,,,,
http://www.wikidata.org/.well-known/genid/4c8c1028aa23df787ba6ca10e11866fb,,,,,,,,
http://www.wikidata.org/.well-known/genid/100fcf482a0037a2efb7d367ae2f0e7c,,,,,,,,
http://www.wikidata.org/.well-known/genid/6ab948414fe708ac03773a4717588eae,,,,,,,,
Henrique José da Silva,Lisboa,Aula Régia de Desenho e Figura,,https://pt.wikipedia.org/wiki/Henrique_Jos%C3%A9_da_Silva,https://pt.wikipedia.org/wiki/Henrique_Jos%C3%A9_da_Silva,,A formação aberta recuperável associa o pintor à Aula Régia em Lisboa.,media
http://www.wikidata.org/.well-known/genid/8bd6fc08091bb82935a578788dd4f42f,,,,,,,,
http://www.wikidata.org/.well-known/genid/5f72a19e7f7cbad6a17fce0c4b388099,,,,,,,,
Francisco Joaquim Gomes Ribeiro,Rio de Janeiro,Academia Imperial de Belas Artes (Aiba); Grupo Grimm,1882-1884; 1884-1885,https://pt.wikipedia.org/wiki/Francisco_Joaquim_Gomes_Ribeiro | https://enciclopedia.itaucultural.org.br/pessoas/6871-francisco-ribeiro,https://pt.wikipedia.org/wiki/Francisco_Joaquim_Gomes_Ribeiro | https://enciclopedia.itaucultural.org.br/pessoas/6871-francisco-ribeiro,https://pt.wikipedia.org/wiki/Francisco_Joaquim_Gomes_Ribeiro | https://enciclopedia.itaucultural.org.br/pessoas/6871-francisco-ribeiro,,alta
José Jardim de Araújo,Brasil,formação artística brasileira; instituição não identificada na fonte aberta consultada,,https://www.catalogodasartes.com.br/,,,Dados abertos insuficientes para nomear escola.,baixa
http://www.wikidata.org/.well-known/genid/293091da8f3df23b35606c0ea9214d07,,,,,,,,
http://www.wikidata.org/.well-known/genid/eb1cc53840d4c6231d40955f99f26280,,,,,,,,
Manuel Dias de Oliveira,Rio de Janeiro; Porto; Lisboa,formação inicial como ourives; estudos de pintura no Porto; Real Casa Pia,,https://pt.wikipedia.org/wiki/Manuel_Dias_de_Oliveira | https://academiabrasileiradeartes.org.br/especial/patrono/manuel-dias-de-oliveira-brasiliense/,https://pt.wikipedia.org/wiki/Manuel_Dias_de_Oliveira | https://academiabrasileiradeartes.org.br/especial/patrono/manuel-dias-de-oliveira-brasiliense/,,As fontes mencionam contato com Domingos Antônio de Sequeira em Lisboa.,media
http://www.wikidata.org/.well-known/genid/443c4537dcad304103d8175a9ff17246,,,,,,,,
http://www.wikidata.org/.well-known/genid/dc0ffa26aa669761848a1a1747cf2048,,,,,,,,
Domingos Clementino,Brasil,formação artística brasileira; instituição não identificada na fonte aberta consultada,,https://www.catalogodasartes.com.br/,,,Registro conservador por falta de evidência aberta suficiente.,baixa
http://www.wikidata.org/.well-known/genid/14cb795142656a482fa9a4d35d6520f4,,,,,,,,
Nicolau Del Negro,Rio de Janeiro,Escola Nacional de Belas Artes (Enba),,https://www.catalogodasartes.com.br/artista/Nicolau%20Del%20Negro/,https://www.catalogodasartes.com.br/artista/Nicolau%20Del%20Negro/,,"A fonte identifica a ENBA e as aulas de Lucílio de Albuquerque, Rodolfo Chambelland e Rodolfo Amoedo, mas não fornece intervalo cronológico.",alta
http://www.wikidata.org/.well-known/genid/3b8a9a18f66daec53e900c63b6b4afc2,,,,,,,,
http://www.wikidata.org/.well-known/genid/2967de9802e05cb68eb674afcdea5ce3,,,,,,,,
http://www.wikidata.org/.well-known/genid/9eac1908e806ee93edef43208d2de473,,,,,,,,
http://www.wikidata.org/.well-known/genid/c6b12ad4fa99d7c9c55f11e02480e097,,,,,,,,
Ulpiano Checa,Madri; Roma,Escuela de Bellas Artes y Oficios; Real Academia de Bellas Artes de San Fernando; Academia Española de Bellas Artes de Roma,1873-1880; depois de 1880 como pensionista em Roma,https://es.wikipedia.org/wiki/Ulpiano_Checa | https://museoulpianocheca.com/ulpiano-checa-pintor.html,https://es.wikipedia.org/wiki/Ulpiano_Checa | https://museoulpianocheca.com/ulpiano-checa-pintor.html,https://es.wikipedia.org/wiki/Ulpiano_Checa | https://museoulpianocheca.com/ulpiano-checa-pintor.html,,alta
http://www.wikidata.org/.well-known/genid/7e37a52c2c8f830fa882a1812c455c8f,,,,,,,,
Modesto Brocos Gómez,Corunha; Rio de Janeiro,Academia de Belas Artes da Corunha; cursos livres da Academia Imperial de Belas Artes,até cerca dos 18 anos; a partir de 1875,https://pt.wikipedia.org/wiki/Modesto_Brocos | https://www.catalogodasartes.com.br/artista/Modesto%20Brocos%20-%20Modesto%20Brocos%20y%20Gomez/,https://pt.wikipedia.org/wiki/Modesto_Brocos | https://www.catalogodasartes.com.br/artista/Modesto%20Brocos%20-%20Modesto%20Brocos%20y%20Gomez/,https://www.catalogodasartes.com.br/artista/Modesto%20Brocos%20-%20Modesto%20Brocos%20y%20Gomez/,A formação inicial inclui desenho com o irmão Isidoro Brocos y Gómez.,alta
Giovanni Bellini,Veneza,"formação com o pai Jacopo Bellini, em oficina familiar",,https://en.wikipedia.org/wiki/Giovanni_Bellini | https://worldhistoryedu.com/who-was-giovanni-bellini/,https://en.wikipedia.org/wiki/Giovanni_Bellini | https://worldhistoryedu.com/who-was-giovanni-bellini/,,"A formação recuperada é de oficina familiar, sem academia formal identificada.",media
Raphael,Urbino; Perugia,oficina/ateliê de Pietro Perugino,c.1494-1500,https://en.wikipedia.org/wiki/Raphael | https://www.nationalgallery.org.uk/paintings/learn-about-art/lives-of-artists/raphael-from-urbino-to-rome?viewPage=3,https://en.wikipedia.org/wiki/Raphael | https://www.nationalgallery.org.uk/paintings/learn-about-art/lives-of-artists/raphael-from-urbino-to-rome?viewPage=3,https://en.wikipedia.org/wiki/Raphael,As fontes abertas falam em treinamento provável/forte relação com a oficina de Perugino; mantida formulação prudente.,media
Rembrandt,Leiden; Amsterdã,aprendizagem com Jacob van Swanenburgh; estudos com Pieter Lastman,c.1620-1623,https://www.ebiografia.com/rembrandt/ | https://pt.wikipedia.org/wiki/Rembrandt,https://www.ebiografia.com/rembrandt/ | https://pt.wikipedia.org/wiki/Rembrandt,https://www.ebiografia.com/rembrandt/,"A formação aparece em oficinas e mestres, não em academia formal.",alta
Carlos Reis,Lisboa; Paris,Academia de Belas-Artes de Lisboa,até 1889; permanência em Paris a partir de 1889 até meados da década de 1890,https://arteweek.blogspot.com/2020/09/o-naturalismo-de-carlos-reis.html | https://pt.wikipedia.org/wiki/Carlos_Ant%C3%B3nio_Rodrigues_dos_Reis,https://arteweek.blogspot.com/2020/09/o-naturalismo-de-carlos-reis.html,https://arteweek.blogspot.com/2020/09/o-naturalismo-de-carlos-reis.html | https://wikitejo.mediotejo.pt/index.php/geografia-biografia-historia/biografias-genealogia-heraldica-bandeiras/559-carlos-reis,A fonte consultada aponta Carlos Reis como discípulo de Silva Porto.,media
Titian,Veneza,aprendizagem com Sebastiano Zuccato; oficina de Gentile Bellini; oficina de Giovanni Bellini,c.1490s,https://www.britannica.com/biography/Titian | https://en.wikipedia.org/wiki/Titian,https://www.britannica.com/biography/Titian | https://en.wikipedia.org/wiki/Titian,https://www.britannica.com/biography/Titian | https://en.wikipedia.org/wiki/Titian,Formação descrita por mestres e oficinas venezianas.,alta
Suzanne Valadon,Paris,sem formação formal; aprendizado com artistas do meio parisiense e orientação de Edgar Degas,c.1880-1893,https://nmwa.org/art/artists/suzanne-valadon/ | https://pt.wikipedia.org/wiki/Suzanne_Valadon,https://nmwa.org/art/artists/suzanne-valadon/,https://nmwa.org/art/artists/suzanne-valadon/,As fontes indicam explicitamente ausência de aulas formais de arte.,media
José Correia de Lima,Rio de Janeiro,Academia Imperial de Belas Artes (Aiba); estudos com Debret e Grandjean de Montigny,1826-1827,https://pt.wikipedia.org/wiki/Jos%C3%A9_Correia_de_Lima | https://enciclopedia.itaucultural.org.br/pessoas/6718-correia-de-lima,https://pt.wikipedia.org/wiki/Jos%C3%A9_Correia_de_Lima | https://enciclopedia.itaucultural.org.br/pessoas/6718-correia-de-lima,https://pt.wikipedia.org/wiki/Jos%C3%A9_Correia_de_Lima | https://enciclopedia.itaucultural.org.br/pessoas/6718-correia-de-lima,,alta
Giovanni Sarracino,Itália; São Paulo,estudos de pintura e desenho na Itália; Liceu de Artes e Ofícios,,https://pt.wikipedia.org/wiki/Giovanni_Sarracino | https://8g6grupodeestudos2011.blogspot.com/2011/03/,https://pt.wikipedia.org/wiki/Giovanni_Sarracino | https://8g6grupodeestudos2011.blogspot.com/2011/03/,,As fontes consultadas não trazem cronologia detalhada para a etapa italiana.,media
Miguel Ângelo Lupi,Lisboa,Academia de Belas-Artes de Lisboa,1841-1848,https://pt.wikipedia.org/wiki/Miguel_Lupi | https://www.infopedia.pt/artigos/%24miguel-angelo-lupi,https://pt.wikipedia.org/wiki/Miguel_Lupi | https://www.infopedia.pt/artigos/%24miguel-angelo-lupi,https://pt.wikipedia.org/wiki/Miguel_Lupi | https://www.infopedia.pt/artigos/%24miguel-angelo-lupi,,alta
Henrique Pinto,Lisboa,Academia de Lisboa / Academia de Belas-Artes de Lisboa,,https://pt.wikipedia.org/wiki/Henrique_Pinto | https://www.mcafigueirodosvinhos.pt/index.php/o-museu/selecao-de-imagens/13-biografias/47-biografia-de-manuel-henrique-pinto,https://pt.wikipedia.org/wiki/Henrique_Pinto | https://www.mcafigueirodosvinhos.pt/index.php/o-museu/selecao-de-imagens/13-biografias/47-biografia-de-manuel-henrique-pinto,,"As fontes indicam discipulado com Joaquim Gregório Prieto, Tomás da Anunciação e Simões de Almeida Júnior.",media
